,smiles,logP,qed,SAS
0,NCCCN1CCN(CCCN)CC1,-0.6983999999999977,0.5952506871493568,1.990526739538291
1,O=C1c2ccc3nc(-c4ccccc4)sc3c2C(=O)c2ccc3nc(-c4ccccc4)sc3c21,7.015400000000004,0.2702385666847766,2.520195563101545
2,Oc1ccccc1O,1.0977999999999999,0.49072766890152064,1.5031908477974376
3,O=C(O)C1=CC(O)C(O)C(O)C1,-1.5162000000000004,0.3869234584394271,3.7690792168941964
4,CCCCCCc1ccc(-c2ccc(C#N)cc2)cc1,5.348080000000005,0.6445218815378146,1.6495688457893145
5,CCCCC(CC)COC(=O)CCCCC(=O)OCC(CC)CCCC,6.066000000000007,0.23035616374928256,3.0738589190755006
6,C=CC(=C)CCC=C(C)C,3.4750000000000023,0.40978647534474283,3.0810841595749228
7,CCN(CC)c1ccc(N=Nc2cccnc2)cc1,4.343200000000003,0.7444284538071326,2.3755756568112307
8,Cc1c(/C=N/OCc2ccc(Cl)cc2Cl)c2cc([N+](=O)[O-])ccc2n1Cc1ccc(Cl)cc1,7.417120000000005,0.14994344441962243,2.5526380677306264
9,Clc1cccc(Cl)c1NC1=NCCN1,2.3644999999999996,0.7764264211073745,2.4498071241536774
10,C=CC(C)(O)CCC=C(C)C,2.6698000000000013,0.6171290071333284,3.432455055568237
11,NC[C@H]1CC[C@H](C(=O)c2ccc(CCC(=O)O)cc2)CC1,2.651600000000001,0.7889033534799729,2.017936710393057
12,C[N+](C)(C)CCO,-0.3150999999999999,0.47618393148924254,3.0037783376553016
13,Oc1ccc(Cl)cc1,2.0456,0.5671077548351335,1.3025852533918432
14,C1CCCCC1,2.3406000000000002,0.42231618686094674,1.0
15,CCCC[C@@H](CC)COC(=O)c1ccccc1C(=O)O,3.7580000000000027,0.735324214511175,2.3827629222548534
16,OCC(CO)NC1CC(O)(CO)C(O)C(O)C1O,-4.492399999999994,0.24788620199052747,4.49495185451002
17,CCN(CCCl)c1ccc(-c2nc3cc(-c4nc5cc(N6CCN(C)CC6)ccc5[nH]4)ccc3[nH]2)cc1,5.590100000000004,0.2776102197225655,2.7380764317991844
18,O=C(O)C1=NN(c2ccc(S(=O)(=O)O)cc2)C(=O)C1N=Nc1ccc(S(=O)(=O)O)cc1,1.1196999999999997,0.4096111563881229,3.3010402910052736
19,NC(=O)c1ccc(N)cc1,0.3677,0.5473422654963029,1.5346744948806403
20,CC(=O)Nc1cccc(N=Nc2cccc(NC(C)=O)c2C)c1C,4.635640000000003,0.8033149492938425,2.406830006787221
21,O=S(=O)(O)c1ccc(N=Nc2c(O)ccc3cc(S(=O)(=O)O)cc(S(=O)(=O)O)c23)cc1,2.7009000000000007,0.30460940826445265,2.886103703602398
22,CC(C)CC1NC(=O)C(C)N(C)C(=O)CNC(=O)/C(=C\c2ccccc2)N(C)C1=O,0.9935000000000007,0.7209510674527438,4.040859524722381
23,C[N+](C)(C)Cc1ccccc1,1.8928,0.5647334091641918,2.00596033629723
24,O=C(O)c1cc(Cl)ccc1Cl,2.691600000000001,0.7401842714593465,1.4874183734325062
25,C1COCCN1,-0.3938000000000001,0.4340574553786442,2.4770536252092388
26,CC(=O)[C@@H](C)O,-0.043800000000000006,0.4878577781338866,2.6136845067794834
27,CC(=O)NS(=O)(=O)c1ccc(N)cc1,0.0935999999999998,0.6828174314400922,1.8742864068979603
28,Nc1cc2c(O)c(N=Nc3ccc(N=Nc4ccc(S(=O)(=O)O)cc4)c4ccc(S(=O)(=O)O)cc34)c(S(=O)(=O)O)cc2cc1S(=O)(=O)O,5.098400000000003,0.06857067058586622,3.546530959926642
29,O=[N+]([O-])c1cccc([N+](=O)[O-])c1O,1.2086,0.5485201907500785,2.1062587545337124
30,CC(CN1c2ccccc2Sc2ccccc21)N(C)C,4.239400000000003,0.8321538928687809,2.646234250926181
31,CC1=CCC2CC1C2(C)C,2.9987000000000013,0.44898299940434644,4.272897456668424
32,Oc1ccnc(O)n1,-0.11220000000000002,0.49096245787703635,3.1485544841610738
33,OC(c1ccc(Cl)cc1)(c1ccc(Cl)cc1)C1CC1,4.639300000000002,0.8737462179435117,1.952722383292297
34,COP(=O)(OC)O/C(=C\Br)c1ccc(Cl)cc1Cl,5.104200000000002,0.5298272374411193,3.0757298490688374
35,CC1COCc2cc3c(cc21)C(C)(C)C(C)C3(C)C,4.525200000000004,0.6642905673771476,3.883769775851289
36,CC1=CC2OC3C(O)CC(C)(C34CO4)C2(CO)C(O)C1=O,-0.8377000000000003,0.5458309652959041,6.2692031908643004
37,C=CC(=O)NCCCN(C)C,0.24029999999999996,0.4566080403696638,2.200237471575745
38,O=P(OCCC(Br)CBr)(OCCC(Br)CBr)OCCC(Br)CBr,6.789800000000004,0.13726808659077994,4.7353061477669
39,COc1cc2c(c(OC)c1OC)-c1ccc(OC)c(=O)cc1[C@H](NC(C)=O)CC2,2.871600000000001,0.8325220081385356,2.9244229924405847
40,O=C(O)Cc1ccccc1Cl,1.9671,0.7370308543728599,1.4879618747587688
41,CC1COc2c(C3(N)CC3)c(F)cc3c(=O)c(C(=O)O)cn1c23,1.7400000000000002,0.8793011280696906,3.4523877570445567
42,CN1C(C(=O)Nc2ccccn2)C(=O)c2sccc2S1(=O)=O,0.9672000000000001,0.823732639890207,3.3967394167568097
43,CCOP(O)(=NC(C)C)Oc1ccc(SC)c(C)c1,4.479120000000004,0.6216235473268509,3.6878588017741922
44,CN(C)C(=O)Oc1ccc[n+](C)c1,0.5714999999999999,0.5934152756520555,2.8187799697890448
45,c1cc[n+]2c(c1)-c1cccc[n+]1CC2,0.9421999999999999,0.5383486697644573,3.407034431845984
46,CC1(C)SC2C(NC(=O)Cc3ccccc3)C(=O)N2C1C(=O)O,0.8607999999999998,0.7977632704521287,3.200273387340024
47,c1ccc2c(c1)Cc1ccccc1-2,3.2578000000000014,0.48057199184742166,1.5445545429082337
48,O=C(O)Cc1cccc2ccccc12,2.4669000000000008,0.7817752108880086,1.477869431845983
49,COc1ccc2cc(CCC(C)=O)ccc2c1,3.370000000000002,0.8015823313615688,1.7162685049174797
50,CC(=O)OC1CC2C3(C)CCCC(C)(C)C3CCC2(C)C2CC=C(C=O)C(C=O)C12C,5.537300000000006,0.43747742347434576,4.832091134254648
51,NC(Cc1ccccc1)C(=O)O,0.641,0.6904627990029388,1.8818837931663595
52,CCCCCNCCCCC,2.9564000000000012,0.5341051569369422,1.6485809814585206
53,COc1c(Cl)ccc(Cl)c1C(=O)O,2.7002000000000006,0.8343805307908135,1.9574085282893687
54,Cc1c([N+](=O)[O-])cc2c(c1[N+](=O)[O-])C(C)(C)CC2(C)C,3.7703200000000026,0.6082378466337925,3.0188252976538816
55,OC1C=Cc2c(cc3c(ccc4ccccc43)c2Br)C1O,4.176600000000002,0.6025439064718487,3.3761853577363166
56,CCCC(CCC)C(=O)O,2.2874,0.6423719745530849,2.0289841595749216
57,C1C[C@H](O[C@H]2CC[C@@H]3O[C@@H]32)[C@H]2O[C@@H]12,0.8625999999999998,0.5939744015278831,4.6390216515670275
58,Cc1cn(C2CC(O)C(CO)O2)c(=O)[nH]c1=O,-1.5142799999999992,0.5842742137821719,3.3763667036123843
59,CCCCOC(=O)c1ccccc1C(=O)OCc1ccccc1,4.000500000000003,0.5725760438710946,1.6668432694773312
60,FC(F)(F)CCl,1.7874999999999999,0.4255929603251894,2.6215565837891184
61,CC(C)=C1CC[C@@H](C)CC1=O,2.711900000000001,0.48764805589875265,3.1925516830786576
62,CCN(CC)CC#CCOC(=O)C(O)(c1ccccc1)C1CCCCC1,3.342900000000002,0.6005702926906202,3.1040342235846836
63,CCCCCCCCCCCCCCCC(=O)OCC(O)C1OC(O)=C(O)C1=O,4.624800000000002,0.23489402111011878,3.451902898141612
64,Cc1cnc(C)c(C)n1,1.4018599999999999,0.5194976140265337,2.229793391840941
65,COCCOCCO,-0.3583,0.5035110776292496,1.9861446939512835
66,O=C(/C=C/c1ccc(F)cc1)c1ccccc1,3.7218000000000027,0.575467204449596,1.5483246666129276
67,CCC[C@@H](O)[C@@H](CC)CO,1.1659,0.6108521743033035,3.307407672026999
68,CN(C)CCNC(=O)c1ccc2c(N)c3ccccc3nc2c1,2.2615999999999996,0.7253218934992408,2.032830423861407
69,[O-][n+]1cc2ncccc2cn1,0.2632,0.3965176479850006,3.1785282209126144
70,CCCCCCCC(=O)Nc1snc2ccccc12,4.5953000000000035,0.7511207416630834,2.0750461463217214
71,O=C(O)COc1ccc2ccccc2c1,2.3032000000000004,0.830197544495871,1.4971449256017717
72,CCOP(=S)(OCC)SCn1c(=O)oc2cc(Cl)ccc21,4.236100000000003,0.6822621139060051,3.055849986479915
73,CC(NCc1ccccc1)C(=O)NCc1ccccc1,2.4811000000000005,0.8448021222211606,1.966181200528304
74,CCCCOCCOP(=O)(OCCOCCCC)OCCOCCCC,4.594400000000005,0.20670094534715372,2.5175586466377684
75,CCN(CC)CC,1.3481,0.5183748699715436,1.9037466634471567
76,COCC(COC(=O)c1ccccc1)(COC(=O)c1ccccc1)COC(=O)c1ccccc1,4.1902000000000035,0.3118453910840411,2.1570211201020406
77,OC1C=Cc2ccc3c(sc4ccccc43)c2C1O,3.4756000000000022,0.655086728848324,3.427421869639854
78,Cc1c(F)c(N2CCNC(C)C2)cc2c1c(=O)c(C(=O)O)cn2C1CC1,2.28022,0.8795000805170116,3.2451054747925543
79,CC(=O)c1c(O)cc(O)c2c1C(=O)c1cc(O)cc(O)c1C2=O,1.487,0.5000774402278054,2.6958035812966585
80,ClCC1(CCl)C2CC(Cl)(Cl)C1(CCl)C(Cl)C2Cl,5.097800000000002,0.5989283783718174,6.196688744728842
81,CCOC(=O)C1OC1(C)c1ccccc1,1.8637,0.5594241086868413,3.0532098011630096
82,c1ccc(CSCc2ccccc2)cc1,4.120000000000003,0.737421869600175,1.4116961957269947
83,COc1ccc(CO)cc1,1.1874999999999998,0.664708696108545,1.2759177183238641
84,Nc1nc(=O)n(C2CC(O)C(CO)O2)cc1I,-0.9292000000000002,0.5929292401778488,3.779419211973588
85,CCCCCCCCCCCCCCCC(=O)OC/C=C(C)/C=C/C=C(C)/C=C/C1=C(C)CCCC1(C)C,11.542499999999986,0.08987434515285701,3.0820010998846676
86,CCCCCCCC[C@H]1CO1,3.1358000000000015,0.4072940648639455,2.3597788414597645
87,CN(Cc1cnc2nc(N)nc(N)c2n1)c1c(Cl)cc(C(=O)N[C@@H](CCC(=O)O)C(=O)O)cc1Cl,1.5752000000000004,0.27057192222884974,3.3604984292552444
88,OCC(O)c1oc(O)c(O)c1O,-0.5779000000000001,0.41163275482070455,4.044415351930173
89,CCCCCCCCCCCCCCCCCC(=O)NCCNC(=O)CCCCCCCCCCCCCCCCC,11.741799999999987,0.07190078889915753,1.9724042459547615
90,CC1=CC(=O)C(C)=CC1=O,1.0308,0.4659417707377386,2.5081143370897134
91,O=S(=O)(NO)c1cccc2cccnc12,0.9022999999999999,0.7427204814864397,2.181578173748971
92,N#CCBr,0.90488,0.4354466178463637,3.5142461233910574
93,O=[N+]([O-])c1ccc(O)c([N+](=O)[O-])c1,1.2086,0.5485201907500785,2.0050270803255685
94,CC/C(=C(/c1ccccc1)c1ccc(OCCN(C)C)cc1)c1ccccc1,5.9961000000000055,0.4505726789966775,2.020166519021636
95,C/C=C1/C[C@H](C)[C@](O)(CO)C(=O)OCC2=CC[N@@+]3([O-])CC[C@@H](OC1=O)[C@@H]23,0.17779999999999974,0.2231900257823571,5.839150001325919
96,C=C(C#N)C(=O)OCC(C)C,1.26538,0.34822632855173896,2.7953074791543724
97,CN1CCOCC1,-0.05160000000000009,0.4238893295863885,2.05266281729331
98,COC(=O)C1C2CC3c4[nH]c5cc(OC)ccc5c4CCN3CC2CC(OC(=O)c2cc(OC)c(OC)c(OC)c2)C1OC,4.171100000000004,0.3735666920618681,4.342204991410328
99,Oc1cc(Cl)c(Cl)c(Cl)c1,3.3524000000000003,0.6324908101043021,2.1802587157879394
100,Cc1ccc(C)o1,1.89644,0.4804036489034677,1.9899976755929032
101,Nc1nc(N)nc(Cl)n1,-0.31060000000000015,0.5226778091958509,2.559014545687095
102,Nc1nc(N)nc(N)n1,-1.3818000000000001,0.3940140689616751,2.325216674848061
103,COc1cc2c(cc1OC)C13CCN4CC5=CCOC6CC(=O)N2C1C6C5CC43,2.1097,0.719494543160785,5.739048554379857
104,Nc1nc2c(Cl)cccc2s1,2.5319000000000003,0.6836020313289691,2.1447065397711746
105,Oc1ccc2ccccc2n1,1.9403999999999995,0.614103356782718,1.920458028604921
106,Clc1cccc2cc3ccccc3cc12,4.6464000000000025,0.476239910717608,1.6440985034193005
107,CCOC(=O)CC(SP(=S)(OC)OC)C(=O)OCC,2.1218000000000004,0.4701971932858886,3.406188937520799
108,CSCCC(NC(=O)COc1cc(Cl)c(Cl)cc1Cl)C(=O)O,3.3481000000000005,0.6701502801145083,2.5725187357984236
109,Cc1ccc(COS(=O)(=O)c2ccc(C)cc2)cc1,3.208940000000002,0.8053361943604477,1.7578338491848946
110,Cc1cc2c(c3ccc4ccccc4c13)C1OC1C(O)C2O,3.149220000000003,0.4941691551560917,3.667310396157508
111,OCCN1CCNCC1,-1.116099999999999,0.4970235014561331,2.151526232077627
112,CCCCCN(CCCCC)CCCCC,4.859000000000005,0.43039699163512163,1.7222812228095492
113,CN(C)c1nc(N(C)C)nc(N(C)C)n1,0.0696000000000001,0.7033804434333938,2.365282665481141
114,Oc1ccccc1,1.3921999999999999,0.514729544768675,1.1765612788317714
115,CCCCCCCCCCCCCCCCN,5.4264000000000046,0.40334927168884344,1.5504703211054647
116,C=COC(C)=O,0.693,0.346443425050646,2.967099779055392
117,CCCCNC(=O)NS(=O)(=O)c1ccc(C)cc1,1.78302,0.8008194430489943,1.7859212344691517
118,O=C(O)c1ccc(Cl)cc1Cl,2.6916,0.7401842714593464,1.5061536519470966
119,Cc1ccc2ccccc2c1C,3.456640000000002,0.5476492453414699,1.4657474437607796
120,O=c1c(-c2ccc(O)cc2)coc2cc(O)ccc12,2.871200000000001,0.700091545915688,2.071328430704005
121,CCOP(=O)(OCC)OCC,2.2039999999999997,0.5904722914889337,2.5950247394802535
122,CCCCCCCCC/C=C/C[C@H]1CC(=O)OC1=O,4.163100000000004,0.25791745456992976,3.037944322136183
123,O=C(O)C1Cc2c([nH]c3ccccc23)C(CO)N1,0.8001999999999998,0.6311487162622191,3.20249281940466
124,O=S(=O)(O)c1ccc2c(N=Nc3ccccc3)c(O)ccc2c1,4.207500000000001,0.5554519797011201,2.391935749305196
125,C1CCCC1,1.9505000000000001,0.40836192922302755,1.0
126,NC(=O)Nc1cccc2cccnc12,1.7254,0.7133226779132286,1.824788277999831
127,O=[N+]([O-])O[C@@H]1CO[C@H]2[C@@H]1OC[C@H]2O,-1.2782000000000004,0.4315569256356931,4.272067448320238
128,Nc1cnn(-c2ccccc2)c(=O)c1Cl,1.4681,0.7933823099108368,2.0482133385841355
129,C/C=C\C=C/C(=O)O,1.2033,0.4302169742474306,2.779824813831402
130,N=C(N)c1ccc2cc(C(=N)N)[nH]c2c1,0.73604,0.36387605050138516,2.6446494415056065
131,CCCCCOc1cccc(NC(=O)OC2CCCCC2N2CCCC2)c1,5.2111000000000045,0.6346118372073135,2.905300084731264
132,CN(C)C(=O)Nc1ccc(Cl)cc1,2.4335000000000004,0.7388016668237096,1.5758582115472866
133,CC1(c2ccccc2)C(=O)c2ccccc2N1O,2.993900000000001,0.8312401446264043,2.8099094471375174
134,Cc1ccc([N+](=O)[O-])cc1N=[N+]([O-])c1cc([N+](=O)[O-])ccc1C,4.045540000000003,0.3639139604555908,2.734648705976314
135,Cc1ccc(CCl)cc1,2.7338200000000006,0.5265778497260735,1.476621237994788
136,CC(C)COP(=S)(OCC(C)C)SCCl,4.485600000000004,0.4841128823731723,3.4388041247210763
137,Nc1c(C(=O)N/N=C/c2ccccc2)[nH]c2ccccc12,2.5140000000000002,0.5078478805742385,2.1578244527146424
138,COC(=O)Nc1nc2cc(Sc3ccccc3)ccc2[nH]1,3.892400000000001,0.7695961013290725,2.2587402156402394
139,COP(C)(=O)OC,1.1020999999999999,0.5168665462879803,3.3904525458000965
140,CC(=O)CCl,0.8142,0.43777913266239754,2.3732521585121393
141,O=C(O)c1cc(O)c(O)c(O)c1,0.5015999999999998,0.45988822950048275,2.0952775415567224
142,CC(C)(C)CC(C)(C)c1ccc(OCCOCC[N+](C)(C)Cc2ccccc2)cc1,6.072400000000007,0.32920055656041214,2.5343817250458844
143,NCCN1CCNCC1,-1.1496999999999988,0.4945001489984833,2.274506705450408
144,CCCCC(CC)COC(=O)C(C#N)=C(c1ccccc1)c1ccccc1,5.771680000000005,0.32344146330830564,2.7661864753148215
145,C=COC(=O)C=C,0.8591,0.29064876032105746,3.2864389711394635
146,Nc1nc(=O)n(C2CC(O)C(CO)O2)cc1CCCl,-0.7525000000000004,0.6289788094841774,3.7823473930555416
147,Nc1cc(S(=O)(=O)O)c2cccc(S(=O)(=O)O)c2c1,0.9154,0.554063811847223,2.30883140506298
148,O=NN(CC(=O)O)CC1(O)CCC(O)C(O)C1O,-2.3379999999999996,0.2735815806762617,4.516336250326239
149,CCCCOc1cc2c(c3ccc4ccccc4c13)CCC2=O,5.300800000000004,0.48265678662698147,2.2602571093687818
150,Cn1cnc2cc([N+](=O)[O-])ccc21,1.4814999999999998,0.48924458617392336,2.1775012884703635
151,CC[C@H](CO)NCCN[C@H](CC)CO,-0.292599999999999,0.3896708755641931,3.2093747926319125
152,CC(C)(C)NCC(O)c1cc(Cl)c(N)c(C(F)(F)F)c1,3.3625000000000007,0.7503125443072508,2.978110269025729
153,OC[PH](CO)(CO)CO,-1.4645000000000001,0.37469712924250553,5.217229718326321
154,C/C=C/c1ccc(OC)cc1,2.728300000000001,0.6262155548658499,1.6530608822029382
155,CC(C)=CCC1CCCC1=O,2.711900000000001,0.5558966742364874,3.130632637985819
156,CCCCCCCCCCCCOC(=O)CCSCCC(=O)OCCCCCCCCCCCC,9.428,0.0768311765689818,2.2409498321477823
157,OCC(CO)N[C@@H]1C[C@](O)(CO)[C@H](O)[C@@H](O)[C@@H]1O,-4.492399999999994,0.24788620199052747,4.49495185451002
158,O=[N+]([O-])c1ccc(COc2ccccc2)cc1,3.1738000000000017,0.5972632899585836,1.4369507262675576
159,O=C(C(=O)c1ccccc1)c1ccccc1,2.752200000000001,0.5762605941819152,1.3636956383139633
160,Oc1c(Cl)cccc1Cl,2.699,0.6227397221533864,1.795128007225557
161,Cc1ccncc1,1.39002,0.4719983679006756,1.5819766634471577
162,O=C1NC(=O)[C@@H]2CC=CC[C@H]12,0.22519999999999984,0.3975218173147103,3.4572262919636607
163,CC(C)NCC(O)COc1cccc2[nH]c3ccccc3c12,3.0588000000000006,0.6553391910672782,2.6031385160182037
164,ClCc1cccc(CCl)c1,3.164200000000002,0.6052576950671241,1.948089146895292
165,CC1=CC[C@H]2C[C@@H]1C2(C)C,2.9987000000000013,0.44898299940434644,4.272897456668424
166,CN(C)NC(=O)CCC(=O)O,-0.556,0.5409408843832045,2.2623937428906356
167,CC(=O)c1ccccc1,1.8892,0.5170467542625542,1.0971092379947898
168,CN(C)CCOC(c1ccccc1)c1ccccc1,3.3542000000000023,0.7845504400951161,1.8152243281399034
169,c1ccc(Nc2cccc3ccccc23)cc1,4.583400000000003,0.6646509169781277,1.3753425999401045
170,C=C(C)C1CO1,0.9613,0.34031651735635815,3.6125382345901347
171,CC(=O)Nc1ccc2ccccc2n1,2.1932,0.7413152241085681,1.6679598164613694
172,CC1CCCC(O)CCCCCc2cc(O)cc(O)c2C(=O)O1,3.290800000000003,0.6380402391746317,3.615583571581956
173,CC(C)CNc1snc2ccccc12,3.364200000000001,0.8325339247271517,2.3255932779998307
174,CC(C)(C)OOC(C)(C)CCC(C)(C)OOC(C)(C)C,4.817200000000005,0.4974864069356495,2.9343365265107764
175,NNc1ccc(C(=O)O)cc1,0.6704000000000001,0.42975840262350407,1.6420834132203055
176,Cc1ccc2ccc3ccccc3c2c1C,4.609840000000003,0.4710734601666233,1.696019043910205
177,OC(Cn1ccnc1)c1ccc(CCc2ccccc2)cc1,3.401900000000002,0.7558843983930713,2.4123592091712034
178,O=C(O)c1ccccc1Nc1cc(Cl)ccc1C(=O)O,3.4800000000000013,0.8025749775778566,1.7733823688180124
179,CCOP(=S)(OCC(C)C)SCCl,3.8495000000000035,0.5122162829086127,3.9022808299779577
180,CNC1=C2CC(=O)C(OC)=CC=C2c2c(cc(OC)c(OC)c2OC)CC1,3.018600000000002,0.8583113529898139,3.2827911926072524
181,O=c1oc2c(O)c(O)cc3c(=O)oc4c(O)c(O)cc1c4c23,1.3127999999999997,0.216284535941976,2.9800895110329098
182,COc1cc(Cc2cnc(N)nc2N)cc(OC)c1OC,1.2575999999999998,0.8533555071280714,2.2113109944374756
183,CN1C2CC(OC(=O)C(CO)c3ccccc3)CC1C1OC12,0.9180999999999995,0.6618093940597772,4.639900671945181
184,CCCCSCCC(N)C(=O)O,1.3216999999999999,0.5957142254508015,2.7138316515579657
185,Clc1cc(Cl)c(Cl)c(Cl)c1Cl,4.9536,0.4510272795995529,2.1737684681653615
186,CC(N)C(O)c1ccccc1,1.0672000000000001,0.6637111557988822,2.4587866889859935
187,Clc1ccccc1,2.34,0.4833833263681997,1.0
188,CCCCN(N)CCCC,1.7623,0.4544441388834873,2.4833616743678206
189,O=C1NC(=O)c2ccccc21,0.5702,0.545102812910193,1.783098599324525
190,O=C(O)CCCOc1ccc(Cl)cc1Cl,3.237000000000002,0.8145307694678334,1.6383244884099213
191,CCCC=O,0.9854,0.4443450475833798,2.734983411874161
192,Cc1ncc(C[n+]2csc(CCO)c2C)c(N)n1,0.60774,0.79412732636072,3.2165705029149922
193,CCC(C)c1cc([N+](=O)[O-])cc([N+](=O)[O-])c1O,2.7221000000000015,0.6426558619443419,2.830172799613063
194,CC(=O)Cl,0.7717,0.3913403492364148,2.2578115080064425
195,CCCCCl,2.0253,0.4574501894338695,2.1591112225250484
196,CC(C)(C)C(Br)C(=O)Nc1ccccc1,3.434700000000001,0.8193902162152636,2.4872738820309674
197,COc1ccc2c(CBr)cc(=O)oc2c1,2.6965000000000012,0.6212012953568724,2.1073759759467734
198,CC(C)NCC(O)c1ccc2ccccc2c1,2.871200000000001,0.8446052195209154,2.2712783066060673
199,C=C(C)C(=O)OCCC,1.5157,0.42516617491283853,2.1114474052188665
200,CSCC(NC(=O)C(C)(C)SC)C(=O)O,1.0603999999999998,0.7387087312976244,3.330953193771858
201,CCCCC(CC)COC(=O)CCCCCCCCC(=O)OCC(CC)CCCC,7.626400000000009,0.1397931861989132,3.077699606265659
202,C=CC(=O)OCC(C)(C)C,1.7616999999999998,0.43352176577832746,2.450413366675514
203,C=Cc1ccccc1Cl,2.9830000000000014,0.5598684314828484,1.8971953918409419
204,Cc1cnc(S)nc1O,0.7793199999999998,0.41537891696304546,3.6449222379947877
205,CCOC(=O)C[C@H](S[P@@](=O)(OC)SC)C(=O)OCC,2.7220000000000004,0.4715200799859873,3.8052783731363586
206,O=C(OCc1ccccc1)c1ccccc1O,2.7492000000000014,0.8214760330937975,1.4435855771309818
207,c1ccc(C(c2ccccc2)c2ccccc2)cc1,4.866800000000003,0.5766946529262025,1.143987290392074
208,N=C(N)c1ccc2c(N)c(C(=N)N)[nH]c2c1,0.3182400000000001,0.31762655452302124,2.8609996381390292
209,C[C@H](CCc1ccccc1)NC[C@@H](O)c1ccc(O)c(C(N)=O)c1,2.1353999999999997,0.5968389616111595,2.8085671704560475
210,COC(=O)c1ccccc1N,1.0554,0.4818862664217506,1.5141772593741543
211,CCCCCNc1snc2ccccc12,3.8984000000000023,0.7729718492348819,2.177210041880839
212,C=C1C(=O)O[C@@H]2C[C@@H](C)[C@@H]3C=CC(=O)[C@]3(C)[C@@H](O)[C@H]12,1.2462999999999997,0.5268622725609776,4.795414555489958
213,O=[N+]([O-])c1cccc(Cl)c1,2.2482000000000006,0.46360210314198946,1.6317103923165384
214,COC(=O)c1oc(N(OC(C)=O)C(C)=O)c(-c2ccccc2)c1-c1ccccc1,4.231200000000003,0.4869947679326621,2.72073842579473
215,CC(C)Nc1nc(N)nc(Cl)n1,0.9275,0.7204616703797144,2.491204542177069
216,O=[N+]([O-])c1ccc(CO)cc1,1.0871,0.5104912225456048,1.60730187475877
217,CCCC[C@@H](CC)COC(=O)CCCCCCCCC(=O)OC[C@H](CC)CCCC,7.626400000000009,0.1397931861989132,3.077699606265659
218,O/N=C/C=N/O,-0.09360000000000007,0.2669575407249227,4.484788240593852
219,CCCCC(C)C(OC(=O)CC(CC(=O)O)C(=O)O)C(CC(C)CC(O)CCCCC(O)CC(O)C(C)N)OC(=O)CC(CC(=O)O)C(=O)O,2.5642000000000036,0.04066143596563033,5.187060906904665
220,O=C1CCCCCCCCCCCC(=O)OCCO1,3.377500000000002,0.6331610373197498,2.5191569414666777
221,FC(F)(F)c1ccc(CCl)cc1,3.4442000000000013,0.6010637518598146,1.7815934844847607
222,CC(C)(C)c1cc(C=Cc2cc(C(C)(C)C)c(O)c(C(C)(C)C)c2)cc(C(C)(C)C)c1O,8.458200000000005,0.463489536246185,2.4049521003852874
223,Nc1ccc(O)cc1,0.9743999999999999,0.3849667558355937,1.5975649736715631
224,CC(C)C(=O)Nc1snc2cc(Cl)ccc12,3.544200000000002,0.8906643887363357,2.3468390347888928
225,CC12CCC3C(CC=C4CC(O)CCC43C)C1CCC2=O,3.8792000000000026,0.6868426969908572,3.958573370751779
226,CCC1=C(c2ccc(O)cc2)C(C)c2cc(O)ccc21,4.535700000000004,0.837643372989383,2.9791518333437637
227,O=S(=O)(O)C1C(O)c2c(cc3ccc4cccc5ccc2c3c45)C(O)C1O,2.281700000000001,0.29564666715209764,3.9692271986109695
228,CCCC[C@@H](CC)CO,2.1951000000000005,0.6045431522728564,2.5569214627603003
229,O=C1C=C2C(=CCO[C@H]2O)O1,-0.2979000000000001,0.48660530880523345,4.491756012675646
230,CC(=O)O[C@H]1[C@H](O)[C@@H]2O[C@H]3C=C(C)C(=O)[C@H](O)[C@@]3(CO)[C@@]1(C)[C@@]21CO1,-1.296099999999999,0.4128233301457104,6.24090413439306
231,COC(=O)Nc1nc2cc(O)ccc2[nH]1,1.4467999999999996,0.6599334827316378,2.3064474045182024
232,CC(O)CN(CC(C)O)CC(C)O,-0.5691999999999999,0.5259683504809382,3.5601186191202707
233,O=C(O)C1=C[C@@H](O)[C@H](O)[C@@H](O)C1,-1.5162000000000004,0.3869234584394271,3.7690792168941964
234,CN(C)CCC(c1ccc(Cl)cc1)c1ccccn1,3.8186000000000027,0.8240069237957237,2.4708648349566964
235,NC(=O)c1cccnc1,0.18050000000000016,0.5772627921564857,1.690815699533248
236,C1CCOC1,0.7968,0.410937601049349,2.0262776130575944
237,CCOCC(=O)O,0.1075000000000001,0.5522753046772026,1.8851697403702339
238,Fc1cccc(F)n1,1.3598000000000001,0.46499899164539066,2.338925812832402
239,Cc1cc(C)n(-c2[nH]nc(NN)c3c4ccccc4nc2-3)n1,2.1508399999999996,0.38844695314908434,2.9065013791647782
240,C=CC(C)C#N,1.33208,0.4366966775470901,4.441147465359366
241,Cc1ccccc1C#N,1.8667,0.5085022668084197,1.6840643149178653
242,CCCN(CCC)CCC,2.5184000000000006,0.5519953756813201,1.9354847512908968
243,CC(C)NC(C)C,1.3927999999999998,0.5539865628181111,2.1476462109584684
244,ClC1=C(Cl)[C@]2(Cl)[C@H]3[C@@H]4C[C@@H]([C@@H]5O[C@H]45)[C@H]3[C@@]1(Cl)C2(Cl)Cl,4.481400000000002,0.3426777863228231,6.111840025946486
245,N[C@H](Cc1c[nH]c2ccccc12)C(=O)O,1.1223000000000003,0.7005840997557369,2.300633991921078
246,Nc1ccc(S(=O)(=O)O)cc1C(=O)O,0.2136999999999999,0.4811941424967491,1.973045970307524
247,COc1ccc(OC)cc1,1.7038,0.6189113153967104,1.03156277326892
248,O=[N+]([O-])c1cccc(CO/N=C/c2nc3cc([N+](=O)[O-])ccc3n2Cc2ccc(Cl)cc2)c1,5.105100000000004,0.2021287414786536,2.6118608489987736
249,CCCCCCCCCCCCc1ccc(S(=O)(=O)O)cc1,5.3967000000000045,0.4132818263562126,1.8229245978815456
250,CC1=C(O)C(=O)CC1,1.1813,0.5105500844865745,2.892862176468766
251,CCc1ccco1,1.842,0.5195790437613876,2.076395124985618
252,CC(C)NCC(O)COc1cccc2c1C=CC2,1.9935999999999996,0.8075449057794267,3.0249402163682877
253,Clc1ccc([C@H](c2ccccc2Cl)C(Cl)Cl)cc1,5.929000000000002,0.6150214671313037,2.5869748046035816
254,Nc1ccc(S(N)(=O)=O)cc1,-0.08380000000000004,0.5805509816764027,1.694442246111553
255,c1cnc2ccc3c(c2c1)CCC1OC31,2.6209000000000007,0.6064799515117929,3.1947410099542184
256,O=S(=O)(O)c1cccc2cccnc12,1.4815,0.7222081701160729,1.9346308815501239
257,CC1=CC[C@@H]2C(C)=CC[C@@H](C(C)C)[C@H]2C1,4.581100000000004,0.5483417415124203,3.978157647134191
258,Nc1cc([N+](=O)[O-])cc(S(=O)(=O)O)c1O,0.12929999999999997,0.21662424289431065,2.5013812969415685
259,CC(CCc1ccccc1)c1ccccc1,4.422900000000004,0.700283096678044,1.8715883711449415
260,CCCOC(=O)c1cc(O)c(O)c(O)c1,1.3701999999999999,0.519957062705858,2.117713118803916
261,c1cnccn1,0.4765999999999999,0.4525571430979931,1.9735613175169302
262,O=NN(CC(=O)O)C[C@]1(O)OC[C@@H](O)[C@@H](O)[C@H]1O,-3.1440999999999995,0.25553619674789885,4.554486823157662
263,Cc1ccc2nc3c(c(C)c2c1)C(O)C(O)c1ccccc1-3,3.5990400000000013,0.6651473632315603,3.1665736304710546
264,O=Cc1cccc(Cl)c1Cl,2.805900000000001,0.5993581530925117,1.9722898794960262
265,CCN(CC)CC#CC(C)(C)OC(=O)C(O)(c1ccccc1)C1CCCCC1,4.121500000000004,0.56652884860089,3.305971562327584
266,ClCC1C(CCl)C2(Cl)C(Cl)=C(Cl)C1(Cl)C2(Cl)Cl,5.541900000000001,0.536467272364742,5.765619774164523
267,CCCCCCC(CCCC)COc1ccc(-c2ccc(-c3ccc(-c4ccc(OCC(CCCC)CCCCCC)cc4)cc3)cc2)cc1,14.998799999999965,0.06514763337688445,3.0085300608010215
268,C[C@H](CCl)OP(=O)(O[C@H](C)CCl)O[C@H](C)CCl,4.026200000000004,0.473671373285102,4.631240206196756
269,CC(=O)OCC(=O)[C@@]1(OC(C)=O)CC[C@H]2[C@@H]3C[C@@H](F)C4=CC(=O)C(Br)=C[C@]4(C)[C@@]3(F)[C@@H](O)C[C@@]21C,3.4619000000000018,0.5262370826233467,4.961263740871567
270,O=C(Cn1c(=O)sc2ccccc21)OCc1ccccc1,2.806400000000001,0.6960237047702554,1.9071228133703801
271,OCc1ccco1,0.7719,0.562462027989617,2.190168971139464
272,CCCCCCCCCCCCCCCCCCCCCCCCCCCCO,10.141199999999994,0.14054875541054768,1.4907341961985292
273,O=C(O)[C@@]1(O)C[C@@H](O)[C@H](O)[C@@H](O)C1,-2.3214000000000006,0.3180309828296054,3.90491430146709
274,CCOC(=O)CC(C)C,1.5956000000000001,0.5422095914375367,1.7442112848175295
275,NC(CSC(F)(F)C(Cl)Cl)C(=O)O,1.528,0.7300548434495373,3.801307244005108
276,CCCc1ccc2c(c1)OCO2,2.3678,0.6676723734723985,1.7384602427265197
277,COc1ccc(C(=O)N2CCN(c3ccc4c(c3)CCC(=O)N4)CC2)cc1OC,2.5509000000000004,0.8615923399478468,2.140831742651903
278,C[C@@H](O)CCC(=O)c1ccoc1,1.6233,0.6948480696430851,2.974164912047476
279,CC1=CC(=O)CC(C)(C)C1,2.3218000000000005,0.5017552817864146,2.7372575323559865
280,CCCCCCCCCCCCCCCCCC(=O)O,6.332500000000007,0.3360419785922725,1.6743172197740748
281,OCC#CCO,-1.0256,0.3701229528529767,3.0526978559784688
282,CC/C=C/C=C/C=C/C=C/C=O,2.820100000000001,0.34492143001255715,3.4202216519055746
283,Clc1cccc(Cl)c1Cl,3.6468000000000007,0.5361021552744022,1.565501084148634
284,COc1cc(C=O)ccc1O,1.2132999999999998,0.6477438574453785,1.8220511055279989
285,Sc1nc2ccccc2[nH]1,1.8515999999999995,0.5511691185031634,2.362537271184797
286,CC(=O)c1ccncc1,1.2842,0.5237435952028574,1.6560784687640187
287,Nc1nc2cc(Cl)ccc2[nH]1,1.7984999999999998,0.6288112834438337,2.112900584436188
288,O=C(O)CCCCC(=O)O,0.716,0.560076647689367,1.5942681832435603
289,N#CCCC(Br)(C#N)CBr,2.34236,0.7357722239015582,4.546362970139251
290,Cc1ccc(N=Nc2c(O)ccc3ccccc23)cc1S(=O)(=O)O,4.515920000000003,0.5398390801975916,2.4598419888350236
291,C1CC2OC2C1OC1CCC2OC12,0.8625999999999998,0.593974401527883,4.6390216515670275
292,COc1cc2c(CCNC(C)=O)c[nH]c2cc1O,1.5606999999999998,0.7683306980782239,2.1913126567611467
293,CSCNc1ccccc1C(C)=O,2.621600000000001,0.5912149788161559,2.3209435961626728
294,Oc1ncc(F)c(O)n1,0.026899999999999757,0.519414003560019,3.3594433918409408
295,CCC1OC(=O)C(C)C(OC2CC(C)(OC)C(O)C(C)O2)C(C)C(OC2OC(C)CC(N(C)C)C2O)C(C)(O)CC(C)CN(C)C(C)C(O)C1(C)O,1.9007000000000054,0.23847544119122638,6.132848975793428
296,c1ccc2ccccc2c1,2.839800000000001,0.5114311994891171,1.0
297,N=c1ccn2c(n1)O[C@H]1[C@H](O)[C@@H](CO)O[C@@H]12,-1.62583,0.5326902884382276,4.446202327505897
298,Cc1cc(NS(=O)(=O)c2ccc(N)cc2)no1,1.3660199999999998,0.804736706639606,2.0519507062268083
299,CC(C)(C)O,0.7771999999999999,0.4498276567484776,2.013996074596056
300,O=C(Cl)OCCCl,1.6006,0.4330061136258824,2.8686928172933097
301,COC(=O)c1oc(N(O)C(C)=O)c(-c2ccccc2)c1-c1ccccc1,4.142300000000002,0.43397183918772303,2.5705118919926395
302,N#Cc1ccccc1,1.5582799999999999,0.48844457037463734,1.383705654729635
303,O=C(O)c1ccc(Cl)c(Cl)c1,2.6916,0.7401842714593464,1.4496756678622162
304,CCCCC(S)(CCC)CCCC,4.835500000000004,0.5351871130805391,2.925233156602232
305,C=CC(=O)OCC(CC)CCCC,2.9320000000000013,0.44893606242845135,2.7799494143347783
306,OCc1ccc(F)cc1,1.318,0.6012315999549896,1.3370243149178638
307,CC(C)CC(=O)Nc1snc2ccc(Cl)cc12,3.934300000000002,0.9162691850537704,2.3406459599092955
308,CC(C)(C)c1ccc(OP(=O)(Oc2ccccc2)Oc2ccccc2)cc1,6.629000000000006,0.44896617314498954,2.096302138369378
309,CS(=O)(=O)c1ccc(Cl)cc1,1.7435,0.6763012329230996,1.4173425113635432
310,CCOP(=O)(OCC)Oc1cc(-c2ccccc2)on1,3.901500000000003,0.7216693645923103,2.6038647832456885
311,Cc1cc(C(O)c2ncc([N+](=O)[O-])n2C)c(O)c(C(C)(C)C)c1,2.721520000000001,0.6688002251974927,3.3825774592778073
312,Cn1c(NS(=O)(=O)O)nc2c3nc(CO)cnc3ccc21,0.22349999999999964,0.5899317209695385,2.9801067504056427
313,ClC(Br)Br,2.2986000000000004,0.5358007427108059,3.400603815698749
314,Cc1ccccc1C(=O)O,1.69322,0.6374596390700277,1.2820591102652568
315,O=c1c2ccccc2sn1CC1CO1,1.4618,0.6986582654504206,3.1049967335345734
316,C=CCc1ccc2c(c1)OCO2,2.1437999999999997,0.6201277561173599,2.078304198770475
317,C=CCCCC,2.3626000000000005,0.36350557388151317,2.0843757405938526
318,CC1=CC(=O)C=CC1=O,0.6407,0.44168670357001333,2.440803007225556
319,Sc1c(Cl)c(Cl)c(Cl)c(Cl)c1Cl,5.2423,0.3752157921208605,2.8079789451658694
320,O=[N+]([O-])c1cccc([N+](=O)[O-])c1CO,0.9952999999999999,0.5752578719806516,2.2748743486859
321,COC(=O)/C(Cl)=C(\OP(=O)(OC)OC)c1cc(Cl)ccc1Cl,4.4913000000000025,0.3088713295235531,3.076491526948031
322,O=C(C(F)(F)F)C(F)(F)F,1.6801,0.5000308573930615,2.779970370019994
323,CN1CCC23c4c5ccc(O)c4OC2C(O)C=CC3C1C5,1.1981,0.7033474919154648,5.273601698417644
324,CC(C)CO,0.6347,0.4834802442445536,1.8582381724981545
325,Cc1ccc(Cc2ccccc2)cc1,3.585820000000002,0.6655165943403577,1.1912659515457982
326,CCCCCN,1.1353,0.5130177383287362,1.610119009824622
327,Sc1ccccc1,1.9752999999999996,0.48490334051496226,1.9614305096010014
328,CC1(C)C(=O)N(Cl)C(=O)N1Cl,1.3368,0.43380981564063015,3.837308028604922
329,CC/C(=C(/CC)c1ccc(O)cc1)c1ccc(O)cc1,4.828600000000005,0.7796984854737203,2.139419888287968
330,Cl[C@H]1[C@H](Cl)[C@H](Cl)[C@H](Cl)[C@@H](Cl)[C@H]1Cl,3.644400000000001,0.5976039421761683,3.615610897085907
331,C/C=C/c1cc2c(c(=O)o1)C(=O)C(O)C(C)O2,0.9973999999999998,0.7865931642697751,4.046183971318618
332,CC(=O)c1cc2c(cc1C)C(C)(C)C(C)C2(C)C,4.402520000000004,0.6690235003355474,3.1250934132992336
333,N[C@@H](Cc1ccc(O)c([N+](=O)[O-])c1)C(=O)O,0.2547999999999999,0.4986355811854937,2.543479018795164
334,C=CCc1ccccc1OCC(O)CNC(C)C,2.1528,0.6936807740895572,2.603903112295889
335,O=C(O)CCC(=O)OC[C@H](NC(=O)C(Cl)Cl)[C@@H](O)c1ccc([N+](=O)[O-])cc1,1.3247,0.22023098082609954,3.248715006834477
336,Nc1nc2cc(Cl)c(Cl)cc2s1,3.1853,0.7383881969774915,2.28218911385539
337,COc1ccc2cc3[n+](cc2c1OC)CCc1cc2c(cc1-3)OCO2,3.096300000000001,0.6744905567941374,2.7871098241639967
338,CCCCC[C@@H](CC)OC(=O)c1cccc(C(=O)O[C@H](CC)CCCCC)c1,6.718000000000008,0.2612987213364642,3.0022014713159226
339,Nc1cccc([N+](=O)[O-])c1CO,0.6693,0.3855019856702798,2.2619641575616836
340,CCOC(=O)C1OC1c1ccccc1,1.6895999999999998,0.5400213360462292,2.6656634768424396
341,COc1ccc(C(=C(C#N)CCC(=O)O)c2ccc(OC)cc2)cc1,3.8940800000000024,0.7753138441586119,2.2444604669458723
342,CC(C)(C)c1ccc(OP2OCC3(CO2)COP(Oc2ccc(C(C)(C)C)cc2C(C)(C)C)OC3)c(C(C)(C)C)c1,9.868199999999998,0.32393548702112,4.082454219551556
343,CCCCCCCCCCCCOCCOCCOCCOCCOCCOCCOCCO,4.015800000000003,0.14473550992648213,2.2364526109184375
344,CNC[C@@H](O)c1cccc(O)c1,0.645,0.6190573678793356,2.479920156802722
345,CCCCCC(C)(O)/C=C/C1C(O)CC(=O)C1C/C=C/CCCC(=O)O,3.641200000000002,0.36197844659331085,4.034395540971172
346,Brc1cc(Br)c(OCCOc2c(Br)cc(Br)cc2Br)c(Br)c1,7.719400000000003,0.3001288409765404,2.2941436449437287
347,NN1C(=O)c2ccccc2C1=O,0.15630000000000016,0.33542547650317683,2.095513589379866
348,CC1(C)CC(C(=O)NCCCCCCCCCCCC(=O)O)C(C)(C)N1O,4.356500000000003,0.41061419159394996,3.0656467356024804
349,ClCC(CCl)(CCl)CCl,2.9280000000000017,0.6253123565908154,3.6512718587945496
350,O=c1oc2cccc(O)c2cc1C1CCc2ccccc2C1,3.7711000000000023,0.6945289330616604,2.7896372454138074
351,CCCNCCC,1.396,0.5276462374247944,1.71197419381153
352,CCCCCC=[N+]([O-])O,1.537,0.2066528621193,3.2838953149178645
353,OCc1cc2c3ccccc3cc3ccc4cccc1c4c32,5.229500000000003,0.32954103958388603,2.0985233571867568
354,Nc1nc(=O)n(C2CC(O)C(CO)O2)cc1O,-1.8282000000000003,0.4802262886143675,3.7944061684953265
355,Cc1cccc(C#N)c1,1.8667,0.5085022668084197,1.6480310841486343
356,[O-][Cl+2]([O-])O,-2.935,0.34162589175932717,6.650469200314134
357,CCOC(=O)C(=NNc1ccc(-c2ccc(NN=C(C(=O)OCC)C(=O)OCC)c(OC)c2)cc1OC)C(=O)OCC,3.1590000000000016,0.1027821503183169,2.909605665975377
358,O=C(CCc1ccc(O)cc1)c1c(O)cc(O)cc1O,2.324500000000001,0.6413414351612072,2.1773879632236053
359,CNC,-0.1644000000000001,0.39867093981547685,2.2160570386349825
360,CCCCCCCCCCCCOCC1CO1,4.322700000000004,0.3541792479883679,2.440861018536996
361,OCCN(CCO)CCO,-1.734699999999999,0.419530358360434,2.3477001359062832
362,CC(C)(c1ccc(OCC(O)CCl)cc1)c1ccc(OCC(O)CCl)cc1,3.9695000000000027,0.5791195334192781,3.1105061606806306
363,O=C(O)[C@@H]1[C@H](C(=O)O)[C@]2(Cl)C(Cl)=C(Cl)[C@@]1(Cl)C2(Cl)Cl,3.2335000000000003,0.7120626544017776,5.040128166374118
364,COc1ccc(C(=O)n2ncc(Cl)c(Cl)c2=O)cc1,2.2472000000000003,0.8529924965108832,2.193056044116233
365,CCOP(=O)(NC(C)C)Oc1ccc(SC)c(C)c1,4.238320000000003,0.6028623052666204,3.187472376434826
366,Cc1ccccc1S(N)(=O)=O,0.6424200000000001,0.6737401345200019,1.6585043150770709
367,COc1c2ccoc2nc2c(OC)c(OCC3OC3(C)C)ccc12,3.554400000000002,0.6669364872862791,3.3743475855867597
368,O=S(=O)(O)Oc1cccc2c1cc1ccc3cccc4ccc2c1c34,4.918800000000003,0.2793645625530675,2.297272390022796
369,Oc1c(Cl)cc(Cl)c2cccnc12,3.2472000000000003,0.7295228001546942,2.0703128269319038
370,CN(CCO)CCO,-1.0972000000000002,0.49360478334009367,2.2886621764687654
371,CCCC[C@H](CC)C(=O)O,2.2874,0.6423719745530849,2.371409123985405
372,C[C@H]1CCC[C@@H](O)CCCCCc2cc(O)cc(O)c2C(=O)O1,3.290800000000003,0.6380402391746317,3.615583571581956
373,COC=O,-0.2108000000000001,0.39122582473304857,2.9490615080064426
374,CC(C)OP(C)(=O)F,2.2038,0.5493444642039195,3.901681036861808
375,Oc1c(Cl)cc(Cl)cc1Sc1cc(Cl)cc(Cl)c1O,5.862600000000001,0.7079213197705984,2.522959350764337
376,C[C@@H](N)CN,-0.7077,0.4315259494144723,2.807660124536394
377,COc1ccc(CN(CCN(C)C)c2ccccn2)cc1,2.658400000000001,0.7817668594270732,2.000750543509092
378,COC(=O)C(c1ccccc1)C1CCCCN1,2.0852999999999997,0.8123400616112664,2.8837478167899153
379,C1CCCC2OC2CC1,2.1079999999999997,0.4527457612849355,2.8168164111963705
380,Cc1cc(C)cc(O)c1,2.0090399999999997,0.5577043959706656,1.8212049303024802
381,O=C(CCCl)/N=c1\sn(C(=O)CCCl)c2ccccc12,3.028100000000001,0.8088402376509748,3.254161674512318
382,CC1(C)[C@H]2CC[C@]1(C)C(=O)C2,2.401700000000001,0.520631018455888,4.120342484645578
383,CN[PH]1(NC)N[PH](NC)(NC)N[PH](NC)(NC)N1,-1.685099999999997,0.2650140245541416,5.904342282462673
384,O=c1c2c(O)cccc2oc2cc3c(c(O)c12)C1C=COC1O3,2.703400000000001,0.6205866466698432,3.8797608109772828
385,Cc1c(/C=N/OCc2ccc(Cl)cc2)c2cc([N+](=O)[O-])ccc2n1Cc1ccccc1,6.110320000000005,0.20037445448001379,2.3721282498426746
386,N[C@H]1CC[C@H](C[C@H]2CC[C@H](N)CC2)CC1,2.4115,0.7351256679824824,2.4504865333558836
387,CC1(C)C(C=C(Br)Br)C1C(=O)OC(C#N)c1cccc(Oc2ccccc2)c1,6.490180000000005,0.42156637317843154,3.6554864675664707
388,CCCCCCCCCCCCCCCCCCCCCCCCCCCC(=O)OCCC(C)O,10.462999999999992,0.08268681492739323,2.64098295363544
389,O=[N+]([O-])c1c(O)c(Cl)cc(Cl)c1Cl,3.2605999999999993,0.4668738715865058,2.4911670227360982
390,Cc1cnc2ccccc2n1,1.9382199999999998,0.5642936655816758,1.6881498555279997
391,COC(=O)c1cc(OC)c2c(c1-c1c(C(=O)OC)cc(OC)c3c1OCO3)OCO2,2.4014000000000006,0.6717520105490447,2.80805425251841
392,Clc1cc(Cl)c(Cl)c(Cl)c1,4.3002,0.44741511729822037,1.873262857799773
393,O=S(=O)(Nc1ccc(Cl)c(Cl)c1)c1cccc2cccnc12,4.342400000000002,0.7619218206033777,1.9183156648790636
394,CCCC(=O)OCC,1.3496000000000001,0.5200986676423002,1.5971456929522816
395,O=[N+]([O-])c1c(Cl)c(Cl)c(Cl)c(Cl)c1Cl,4.8618,0.32115748100894936,2.6265913549229083
396,c1cnc2c3c(ccc2c1)C1OC1CC3,2.6209000000000007,0.6064799515117929,3.332984086877296
397,C=Cc1cccnc1,1.7246,0.5295933337569039,2.1683732132580626
398,On1nnc2ccccc21,0.6685999999999999,0.5398904292866125,2.2993797115031
399,CCOP(=O)(OCC)Oc1nc(Cl)c(Cl)cc1Cl,4.601700000000003,0.5618002527963618,2.92750677214576
400,CC1CCCO1,1.1853,0.4299172783206054,2.7097304517847043
401,CCc1c(Br)c(Br)c(Br)c(Br)c1Br,6.061500000000001,0.32479726755718646,2.911829959799036
402,ONc1ccc(Cl)cc1,2.1411,0.5907443468878204,1.7965393918409411
403,C1COCCOCCOCCO1,0.06640000000000001,0.5229971687265701,2.300988891939543
404,Oc1ccc(C2(c3ccc(O)cc3)CCCCC2)cc1,4.3480000000000025,0.8498106993450174,2.1457959014922334
405,O=C1c2ccccc2-c2c1c1ccccc1c(=O)n2CCNCCO,1.7948,0.546044366754328,2.2712954669458725
406,C=Cc1ccc(O)c(OC)c1,2.0438,0.6986374292994981,1.9307480286049206
407,OC1CCCCC1,1.3114,0.4863248839438126,1.8182543557548474
408,COc1ccc(C(c2ccc(OC)cc2)C(Cl)(Cl)Cl)cc1,5.205900000000003,0.7085299188898861,2.0621282358167843
409,CCCCC(CC)COC(=O)C=Cc1ccc(OC)cc1,4.468000000000004,0.49706450017145404,2.482723223294162
410,COc1ccc(CN(CC[N+](C)(C)[O-])c2ccccn2)cc1,2.671000000000001,0.5825608897629253,2.4969509006110737
411,CN1CCC(CN2c3ccccc3Sc3ccccc32)C1,4.241000000000003,0.8181633544074803,2.637948676463191
412,Cc1cc(N)c([N+](=O)[O-])c(C)c1N,1.37604,0.3883089581491963,2.674158631127707
413,Cn1c2ccc3cc2c(=S)c2cc(ccc21)OCCOCCOCCOCCOCCOCCO3,3.9151900000000035,0.3379066848651092,4.554222416454037
414,N#CC(C#N)=C(C#N)C#N,0.3773199999999999,0.4401949082641678,3.478630340026031
415,CC(C)(C)c1c(N)ccc2c1Cc1ccccc1-2,4.137500000000003,0.5842576202068553,2.3282511182996064
416,COc1cc(C)cc2c(OC(C)=O)c(-c3c(C)cc4c(OC(C)=O)ccc(OC(C)=O)c4c3OC)cc(OC(C)=O)c12,5.995240000000006,0.19185975182194512,3.091637553210404
417,O=[N+]([O-])c1cccc(-c2ccccc2)c1O,2.967400000000001,0.6182866860352763,1.7428007830406393
418,CCCC(=O)OCc1ccccc1[N+](=O)[O-],2.4381000000000004,0.4364101546772435,1.8695935802434391
419,CC(NC(=O)COc1ccc(Cl)cc1Cl)C(=O)O,1.9614999999999998,0.8695364491186743,2.218769458449735
420,O=C(/C=C/c1ccc(Oc2ccccc2)cc1)c1ccccc1,5.375000000000004,0.46717291705826947,1.6346687322498514
421,COc1nncc2ccncc12,1.0333999999999999,0.626400015282235,2.524917825144101
422,C=C1CC23CCC4C(C)(C(=O)O)CCCC4(C)C2CCC1C3,5.040100000000005,0.6889234165472609,5.467996397359386
423,CCCCNc1snc2ccccc12,3.508300000000002,0.7742670837981703,2.2062700791255345
424,Nc1ccc(C(=O)OCCCOC(=O)c2ccc(N)cc2)cc1,2.2549,0.4812026516544334,1.8823823765241308
425,C1=CC2OC2c2cccnc21,1.5483000000000002,0.5173459339900318,3.883260535139839
426,O=C(O)c1cccc(C(=O)O)c1,1.083,0.688908808436835,1.4114771383309161
427,O=C(O)c1cc(O)nc(O)n1,-0.4140000000000001,0.51001904003871,2.8660369410717657
428,COc1cc(-c2oc3cc(O)cc(O)c3c(=O)c2O)ccc1O,2.291000000000001,0.5721390849031665,2.452821091655153
429,Cc1ccccc1[N+](=O)[O-],1.9032200000000001,0.4379118656914492,1.4998539820601309
430,COc1cc(C(C)=O)cc(OC)c1O,1.6119999999999999,0.7460177818557394,1.7863071969187487
431,Cc1oc(=O)oc1COC(=O)C1N2C(=O)C(NC(=O)C(N)c3ccccc3)C2SC1(C)C,0.8315200000000016,0.4717780608712318,4.008483321826229
432,CNC(=O)NO,-0.6954,0.2719889894485342,2.7755520867477
433,N[C@H]1CC[C@H](N)CC1,0.21499999999999952,0.4728906846937374,2.4246020366086256
434,CCN(CC)CCCN,0.6770000000000002,0.592630754346356,2.0025087764563256
435,COC1=C(OC)C(=O)C(C)=CC1=O,0.5889,0.5862837112834052,2.6474153156196856
436,Cn1c(=O)c2nc[nH]c2n(C)c1=O,-1.0397000000000005,0.5624722357827983,2.7718652445143217
437,CC1CCCCC1NC(=O)Nc1ccccc1,3.386800000000001,0.8059405879765427,2.351883138610953
438,C[C@@H](O)C(=O)O,-0.5482,0.45393595064720316,2.3256738558919103
439,OCC(O)C(O)C(OC1OC(CO)C(O)C(O)C1O)C(O)CO,-5.761199999999992,0.2029803994672465,4.381355926819987
440,O=c1ccn(C2OC(COP(=O)(O)O)C(O)C2O)c(=O)[nH]1,-2.7349,0.3684552666679203,3.7734762637985257
441,CC1CC(C)C(=O)C(C(O)CC2CC(=O)NC(=O)C2)C1,1.0415,0.7571556004572341,4.230687083446438
442,Oc1nnc(O)c2ccccc12,1.041,0.6069847972502788,2.504123461860326
443,O=C(c1ccccc1)c1ccccc1,2.917600000000001,0.6524732866647586,1.1539286157108997
444,CCCCCCNCCCCCC,3.736600000000003,0.5112689857081927,1.6761320577011336
445,N#CC(=N)C(N)C#N,-0.61937,0.43776143024684633,4.723976785849663
446,O=S(=O)(c1cc(Cl)cc(Cl)c1O)c1cc(Cl)cc(Cl)c1O,4.544200000000003,0.7923190907869466,2.437513830222379
447,CC1=C(O)C(O)=C(C2=C(O)C(O)=C(C)C(=O)C2=O)C(=O)C1=O,0.5781999999999998,0.4056251035715476,3.1844422155820062
448,CC(C)NCC(O)COc1ccc(CC(N)=O)cc1,0.45210000000000006,0.637673978167625,2.4358286416628108
449,CC(=O)OC1(C(C)=O)CCC2C3C=C(Cl)C4=CC(=O)C5CC5C4(C)C3CCC21C,4.607600000000004,0.6166116116190477,4.8266427680866775
450,CC(=O)OC/C=C(/C)CCC=C(C)C,3.242200000000002,0.49814402161353755,2.5476323528439053
451,COc1cc(OC)c2cc([N+](=O)[O-])c3c(C(=O)O)cc4c(c3c2c1)OCO4,3.3453000000000017,0.4214291551417849,2.6726225772226364
452,ClCCN(CCCl)CCCl,2.0048,0.5984788119935431,2.862407828213975
453,Cc1cccc(OP(=O)(Oc2ccccc2)Oc2ccccc2)c1,5.639920000000004,0.5447715349715265,2.0366721446493585
454,CCCCC(=O)n1ncc(Cl)c(Cl)c1=O,2.3805000000000005,0.8257893214054456,2.534291964957763
455,O=S(=O)(O)c1cccc2cc(O)ccc12,1.7921,0.7240300223513081,1.9358513176782122
456,O=c1oc2cccc3ccc4cccc1c4c32,3.5372000000000012,0.3349315604396938,2.0073453510713257
457,CC(=O)Nc1ccc([N+](=O)[O-])cc1,1.5532,0.5539449818865061,1.5138709588000356
458,C=C(C)C(=O)OCCO,0.09800000000000003,0.43500205372548345,2.311024662743952
459,CC(=O)Nc1ccc(S(=O)(=O)O)c2cc(S(=O)(=O)O)c(N=Nc3ccc(N=Nc4ccc(S(=O)(=O)O)cc4)c4ccc(S(=O)(=O)O)cc34)c(O)c12,5.474600000000003,0.07977289236071304,3.569847104442827
460,ClC1=C(Cl)C(Cl)(Cl)C(Cl)=C1Cl,4.5523,0.5675719606767754,3.638872131169024
461,Cc1cc(Cl)ccc1O[C@H](C)C(=O)O,2.5003199999999994,0.841129822929286,2.181910891538731
462,CNCC(O)c1cccc(O)c1,0.645,0.6190573678793356,2.479920156802722
463,CC1CCC(=O)C1=O,0.5545,0.42879345144765296,3.2009608517837282
464,Oc1ccc2ncccc2c1,1.9403999999999997,0.614103356782718,1.712726778604921
465,COc1cccc([N+](=O)[O-])c1,1.6033999999999997,0.4786228959968398,1.5039634132203066
466,BrCc1ccccc1CBr,3.4764000000000017,0.7171470176457416,2.208930905137052
467,CC1=CCC(C(C)(C)O)CC1,2.503700000000001,0.5752598158037694,3.2142042029725557
468,N=C(N)S(=O)O,-0.8984299999999998,0.21335456028649882,4.2892288854777085
469,CC(C)OC(=O)CC(O)(CC(=O)O)C(=O)O,-0.38150000000000023,0.5352231165157381,2.9514580847292304
470,O=C(O)C1OC(Oc2cccc3c2cc2ccc4cccc5ccc3c2c45)C(O)C(O)C1O,3.0082000000000018,0.2496944524444294,3.732378783245194
471,CN=C=O,-0.04799999999999999,0.2829476231184497,4.005123046467981
472,CCCCN(CC)CC,2.1283000000000003,0.5493790740981016,1.7366164687640193
473,O=S(=O)(O)c1cc(S(=O)(=O)O)c2cc(O)ccc2c1,1.0388000000000002,0.7066598306440867,2.3005154050629777
474,O=C1NS(=O)(=O)c2ccccc21,0.11869999999999997,0.6209172077165801,2.434622680288957
475,CCC(O)CN,-0.2839999999999999,0.48829600866503814,3.055452080743981
476,O=C(O)CCl,0.3098,0.47506028015545126,2.2600409697009507
477,O=[N+]([O-])c1c2c(cc3ccccc13)C=CC(O)C2O,2.1691000000000007,0.6054017591155579,3.505634541496301
478,Nc1ccc2cc(S(=O)(=O)O)cc(O)c2c1N=Nc1ccc([N+](=O)[O-])cc1S(=O)(=O)O,2.9446000000000003,0.14070128974200027,3.0203696906274216
479,C1COCCOCCOCCOCCOCCOCCO1,0.1162000000000023,0.6293993006236126,2.1518492516239647
480,CNC(=O)N(C)c1nc2ccccc2s1,2.0719000000000003,0.8008689197274829,2.1838034484742455
481,ClC1=C(Cl)[C@]2(Cl)[C@@H]3[C@@H]([C@@H]4C=C[C@H]3C4)[C@@]1(Cl)C2(Cl)Cl,5.270200000000002,0.31183045811965626,5.881574064323066
482,O=C(O)c1c(Cl)c(Cl)c(Cl)c2oc3c(Br)c(O)c(Br)cc3c(=O)c12,5.835200000000001,0.3132141225706888,3.0889822545394683
483,Nc1ccc2c(=O)[nH]sc2c1,1.1718,0.577032451673197,2.8939889219051693
484,COc1nncc2ccccc12,1.6383999999999999,0.6356552607915211,2.0715789240452
485,O=C(O)C1Cc2c([nH]c3ccccc23)C(Cc2ccccc2O)N1,2.756200000000001,0.5972005785438643,3.190308387448013
486,CCN(CC)c1ccc(-c2ccc(-c3ccc(-c4ccc(N(CC)CC)cc4)cc3)cc2)cc1,8.380000000000006,0.25361089598449005,1.6209479580008246
487,Nc1ccc(/C=C\c2ccc(N)cc2S(=O)(=O)O)c(S(=O)(=O)O)c1,1.5148000000000008,0.3576146794946529,2.5687092462977095
488,CS(=O)CCC(=O)N1C(C(=O)O)CSC1c1ccccc1O,1.1879999999999995,0.8337728584575217,3.7488118067177805
489,COC(=O)c1occ(-c2ccccc2)c1-c1ccccc1,4.400200000000003,0.6664844877560786,2.007482460280846
490,CCCC(=O)Nc1ccc(OCC(O)CNC(C)C)c(C(C)=O)c1,2.3655,0.5710137425129463,2.5682901944360044
491,O=CO,-0.29919999999999997,0.3801607209681124,3.056957038634983
492,Cc1cc(C)c(C)c(C)c1,2.9202800000000018,0.5114796780810564,1.572519070817524
493,Cc1cc(C)c(C)cc1C,2.9202800000000018,0.5114796780810564,1.3024942453514754
494,c1ccc(-c2cccc(-c3ccccc3)c2)cc1,5.0206000000000035,0.5794896680157823,1.0268896615884557
495,C[C@@H](O)CNC[C@@H](C)O,-0.6623999999999999,0.47686074785976945,3.1027109485430824
496,OC1C=Cc2cc3c(ccc4ccccc43)c(Br)c2C1O,4.176600000000002,0.6025439064718487,3.4072261269670863
497,CNC(=O)Nc1ccccc1,1.4379,0.6244511722247518,1.3704966142128612
498,Oc1c(Br)cc(Br)cc1Br,3.6797000000000004,0.7691055417735759,2.2064652246636793
499,Cc1cccc(OCC(O)CNC(C)(C)C)c1C,2.43124,0.844262787410618,2.4894358046035805
500,CC(C)CCCCCCCOP(=O)(Oc1ccccc1)Oc1ccccc1,7.265700000000007,0.2664862099990903,2.2131099855066605
501,O=C(O)c1cccc(Cl)c1Cl,2.691600000000001,0.7401842714593464,1.6535674450505446
502,O=C(/C=C/c1ccccc1[N+](=O)[O-])c1ccccc1,3.4909000000000026,0.3624325584082813,1.8010233024988764
503,Cc1cc(O)c2c(c1)C(=O)C(c1c(C)cc3c(c1O)C(=O)C=CC3=O)=CC2=O,3.112440000000001,0.7938572461475193,3.0192765730027435
504,COc1cc(O)c2c(c1)C1=CC(O)C(O)CC1(C)OC2=O,0.8387999999999999,0.6637482332891033,4.134374458627162
505,COc1cc(C2c3cc4c(cc3C(O)C3COC(=O)C23)OCO4)cc(OC)c1OC,2.4092000000000002,0.7629173210900769,3.7523244459817278
506,O=C1c2ccccc2-c2ccc3c4c(ccc1c24)-c1ccccc1C3=O,5.2626000000000035,0.3799719250240367,1.8803269088910728
507,CCC(CO)NCCNC(CC)CO,-0.292599999999999,0.3896708755641931,3.2093747926319125
508,O=C(c1ccccc1)C1OC1c1ccc(Br)cc1,3.7719000000000023,0.6378624785160687,2.6474957431777195
509,O=C(C1CCCCC1)N1CC(=O)N2CCc3ccccc3[C@H]2C1,2.5349000000000004,0.7993674496203519,2.7092694799437087
510,OCCN(CCO)c1nc(-c2cccs2)nc2ccccc12,2.1493,0.7292655629037392,2.3671452321867577
511,C=CC(O)c1ccc(OC)cc1,1.9145999999999999,0.6913670468861387,2.451136940019504
512,O=C1C(c2[nH]c3ccc(S(=O)(=O)O)cc3c2O)=Nc2ccc(S(=O)(=O)O)cc21,1.6840000000000002,0.46109988139389846,2.9583790021525402
513,CN(C)CC[C@@H](c1ccccc1)c1ccccn1,3.1652000000000013,0.7977462845021502,2.3898335856686685
514,CN(C)CCN(Cc1ccccc1)c1ccccc1,3.254800000000002,0.7804840569145677,1.7100162162517893
515,CC(=O)c1cc(N)ccc1OCC(O)CNC(C)(C)C,1.5992,0.5442377525370885,2.683395934525601
516,CCOP(=S)(OCC)SCSCC,3.727700000000003,0.37479709013917767,3.429921508250585
517,NCCCCC(N)C(=O)NC(Cc1c[nH]c2ccccc12)C(=O)NC(CCCCN)C(=O)O,0.34990000000000526,0.18650960697550154,3.2982632407485424
518,C=CC(N)=O,-0.3423,0.42199583868683,2.571654955714937
519,CC(C)CCCCCCCOC(=O)c1ccccc1C(=O)OCCCCCCCC(C)C,7.993400000000009,0.16927014053205253,2.153681227762233
520,C=CCCCCCC,3.142800000000002,0.37835862251165964,1.875104833811422
521,CC(=O)Nc1ccc(C(=O)/C=C/c2ccccc2)cc1,3.541100000000002,0.6785469933882977,1.638649398630303
522,COC(=O)/C(C#N)=C/c1ccc(Br)o1,2.12208,0.46154317277500223,2.569255889335862
523,CCOCC,1.0428000000000002,0.4752681489358652,1.9056733527025642
524,C=CC(C)(C)c1cc2cc3c(cc2oc1=O)OC(C(C)(C)OC(C)=O)C3,3.9018000000000024,0.47212547637050095,3.7004340988445588
525,CC12CCC3c4ccc(O)cc4CCC3C1CC(O)C2O,2.5800000000000005,0.687428138033629,3.8715420800086235
526,BrCC(Br)C1CCC(Br)C(Br)C1,4.471900000000002,0.5703564432818184,4.682087528950017
527,Cc1cc2ncccc2c2ncn(C)c12,2.42992,0.5538186600366665,2.3184375910758295
528,Fc1ccc(CCl)cc1,2.5645000000000007,0.531775812050135,1.5299953918409397
529,C=CC(=O)OCC(C)(C)COC(=O)C=C,1.4709999999999999,0.4939228767502408,2.837078680934093
530,c1ccc(N2CCNCC2)cc1,1.0961999999999998,0.6648358692261762,1.6181761767924545
531,C=CCN,0.1311000000000001,0.42524030335523855,3.1591538156987493
532,C=C[C@](C)(CCC=C(C)C)OC(=O)c1ccccc1N,4.1167000000000025,0.48171754050203,3.1253137381056693
533,COc1c(N)cc(C)c(N)c1C,1.4764400000000002,0.6209864195449576,2.4930105440381105
534,Cc1nccnc1C,1.09344,0.49689376298127774,2.2706957429023316
535,C=CCN(CC=C)C1c2ccccc2-c2ccccc2C1N1C2c3ccccc3-c3ccccc3C21,7.902000000000008,0.21039185924980744,3.881189150288363
536,Oc1ccc(O)nn1,-0.11219999999999991,0.49096245787703635,2.881940498147088
537,O=c1cc(-c2ccc(O)c(O)c2)oc2cc(O)cc(O)c12,2.2824000000000004,0.5106223467843569,2.4203306230846895
538,CN(Cc1ccccc1)C(=O)CBr,2.0399000000000003,0.7425305796785823,1.786251288470364
539,CC(=O)CC(=O)/C=C/C(=O)O,0.17540000000000006,0.4650337847469217,2.5387431934400873
540,O=C(O)/C=C(/CC(=O)O)C(=O)O,-0.44329999999999964,0.4976684796992808,2.6133677152539914
541,Cc1c(N)ccc(N)c1C,1.46784,0.5304587915173817,2.1391782424151575
542,O=C(O)C1Cc2c([nH]c3ccccc23)C(c2ccccc2)N1,2.856200000000001,0.6802337777304761,2.894267450260136
543,CCCCC(=O)N(C)C,1.2648000000000001,0.5615395084768257,1.7746607831452899
544,O=C=Nc1ccc(N=C=O)cc1,1.6212,0.4871304186265452,3.042975045570733
545,CN(C)c1ccncc1,1.1476,0.5550894783938015,1.8864729303024799
546,Clc1ccc(Br)cc1,3.102500000000001,0.5910745276514103,1.2470810575876463
547,O=C(O)c1cc(Br)cc2cccnc12,2.6955,0.8482833268412877,1.9992640176447996
548,C=C(C)C(=O)OCCOC(=O)NCCC(C)CC(C)(C)CNC(=O)OCCOC(=O)C(=C)C,3.119900000000002,0.16162178721691772,3.437632228205592
549,CN1CCN(c2ccc3[nH]c(Cc4ccc5[nH]c(-c6ccc(N(CCCl)CCCl)cc6)nc5c4)nc3c2)CC1,5.732800000000005,0.2247290545619513,2.8950780675033396
550,CCOC(=O)OCC,1.1794,0.5105361098562152,1.812914923721511
551,FC(F)(F)C(F)(F)C(Cl)Cl,2.9877000000000002,0.45341180918742213,3.1515349185149777
552,CC12CCC(CC1)C(C)(C)O2,2.7441000000000013,0.5210255264729503,3.9529389966783004
553,Clc1ccc(Cl)nc1,2.3884000000000007,0.5143628381850538,1.8599810575876479
554,CC(C)CCNc1snc2ccccc12,3.7543000000000024,0.8483703562033347,2.302607895190322
555,N#CCc1ccc(Cl)cc1,2.40608,0.6048674944555407,1.7127045315106795
556,CCCC(=O)Nc1snc2ccc(C)cc12,3.343320000000001,0.8845521776401764,2.2572223215021783
557,FC(F)(F)C(Cl)Br,2.5084999999999997,0.523506439863351,3.453388195904976
558,Cc1ccc2c(c1)Cc1cc(C)ccc1-2,3.874640000000002,0.5092659780352894,1.8506887538665282
559,CC(C)CCCCCCOC(=O)c1ccccc1C(=O)OCCCCCCC(C)C,7.2132000000000085,0.21007569490575018,2.1426740327381903
560,CCSC(=O)Cl,2.0983,0.49830091081961886,3.4473582405938537
561,CCN(CC)C(=O)Cc1ccccc1,2.0975,0.7133510509163976,1.54622851468622
562,C[C@H]1C(=O)O[C@H]2CCN3CC=C(COC(=O)[C@](C)(O)[C@]1(C)O)[C@H]23,-0.3925999999999994,0.4622749072833422,5.042653756335061
563,COC(=O)C(CSCC(Br)c1ccccc1)NC(C)=O,2.5335,0.599834477212967,3.1227849452829988
564,CC(N)CN,-0.7077,0.4315259494144723,2.807660124536394
565,ClCC1(C(Cl)Cl)C2C(Cl)C(Cl)C1(C(Cl)Cl)C(Cl)C2Cl,5.878400000000002,0.4735993144899517,6.290459912129094
566,CNc1ccccc1C(=O)OC,1.5149,0.6749581754269858,1.5586646383309155
567,CCN(CC)S(=O)(=O)c1ccc(N)cc1,1.2993000000000001,0.7899749939204442,1.818712349573147
568,Clc1cccc(-c2nc3ccccc3o2)c1,4.148200000000003,0.6266308985958802,1.6767402920422771
569,C=NO,0.07619999999999999,0.23326141728874067,4.028218577096521
570,O=S1OC[C@H]2[C@H](CO1)[C@@]1(Cl)C(Cl)=C(Cl)[C@]2(Cl)C1(Cl)Cl,3.689800000000001,0.5754087086057358,6.181296719821402
571,FC(Cl)C(F)(F)C(F)(F)Cl,2.9877000000000002,0.4774878441838772,3.746822604818952
572,COc1ccccc1NC(=O)C(N=Nc1ccc(-c2ccc(N=NC(C(C)=O)C(=O)Nc3ccccc3OC)c(Cl)c2)cc1Cl)C(C)=O,8.037600000000007,0.10673659782556452,3.8487032902978395
573,CC1CCc2c(N3CCC(O)CC3)c(F)cc3c(=O)c(C(=O)O)cn1c23,2.3071,0.8587615328865517,3.143011406536866
574,CN(C)C#N,0.029079999999999995,0.2967543325075944,3.2272577529177333
575,Nc1ccc(Cc2ccc(N=O)c(Cl)c2)cc1Cl,4.564300000000002,0.6616642656095258,2.376770810607299
576,CCCCCCCCCCO,3.119400000000002,0.5380402798848124,1.5995432643369316
577,OC/C=C/c1ccccc1,1.6921,0.6522100515394804,1.8029378016887776
578,CCC[CH-][N+](=O)[O-],1.22499,0.305271491838424,4.412600509601002
579,BrCc1cccc(CBr)c1,3.4764000000000017,0.7171470176457416,2.1334298062359522
580,COC(=O)c1ccccc1C(=O)OC,1.2597999999999998,0.6648651607326014,1.4867453630200753
581,O=S(=O)(O)c1ccc(N=NNc2ccc(S(=O)(=O)O)cc2)cc1,2.290800000000001,0.42252210930888245,2.455476036710097
582,CC(=O)Nc1snc2c(Cl)cc(Cl)cc12,3.5615000000000006,0.852228831486294,2.62035788428234
583,Cc1cccs1,2.05652,0.4656159934955298,2.6475848469286944
584,Cc1ccc(O)cc1C,2.0090399999999997,0.5577043959706656,1.5078606995332482
585,O=P(Oc1ccccc1)(Oc1ccccc1)Oc1ccccc1,5.331500000000003,0.5742135685165858,1.718233332265422
586,O=c1c(O)c(-c2ccc(OCCO)c(OCCO)c2)oc2cc(OCCO)cc(O)c12,0.9844999999999997,0.3112978118870017,2.6677418998888704
587,CC(C)(C)OOC(C)(C)c1cccc(C(C)(C)OOC(C)(C)C)c1,5.650200000000006,0.4959176182068032,2.897827199666837
588,C=CC(=O)c1ccc2c(c1)OCO2,1.7839999999999996,0.5086428342099524,2.1672813300504057
589,CC(C)COC(=O)c1ccccc1C(=O)OCC(C)C,3.3122000000000025,0.7490451628929792,1.9080645133401575
590,O=C(O)CCC(=O)O,-0.06420000000000009,0.5437714031598524,1.6080314072379966
591,CCNC(=O)Nc1ccc(OCC(O)CNC(C)(C)C)c(C(C)=O)c1,2.1584000000000003,0.5379638785989166,2.686283583789457
592,ClC1(Cl)C2(Cl)C3(Cl)C4(Cl)C(Cl)(Cl)C5(Cl)C3(Cl)C1(Cl)C5(Cl)C24Cl,6.222999999999999,0.31721173170768374,5.202178629464348
593,CCOCCc1c(-c2ccccc2)nc(N)n2ncnc12,1.9524999999999997,0.7240418013725355,2.573215877683115
594,CCCCC(CC)C(=O)O,2.2874,0.6423719745530849,2.371409123985405
595,O=S(=O)(O)c1ccccc1,0.9333000000000001,0.6184655094191568,1.4549924435985897
596,CCC(CCOCN1C=CN(C)C1/C=N/O)[N+](=O)[O-],0.9106000000000003,0.23205835564547372,4.622512988520974
597,CC(=O)C1(c2ccccc2)CCNCC1,1.8967999999999998,0.7950256489416387,2.24315637461787
598,CCCCO,0.7787999999999999,0.5128217987135145,1.8791313408682448
599,O=Cc1c(Cl)cccc1Cl,2.8059000000000003,0.5993581530925117,2.0377565461626936
600,Clc1ccc(C(c2ccccc2Cl)C(Cl)Cl)cc1,5.929000000000002,0.6150214671313037,2.5869748046035816
601,CC(=O)ON(C(C)=O)c1ccccc1C,1.8260200000000002,0.6597993715533483,2.43938004188084
602,C=CC(=C)C,1.7485,0.41051468223900506,3.0331346759946562
603,CC(C)[C@](O)(C(=O)O)[C@@H](C)O,-0.16110000000000002,0.5384832913234884,3.5992457422404316
604,CCC(=O)OCc1cccc([N+](=O)[O-])c1,2.048,0.4319693262768016,1.8542738317495076
605,CCCCCCC=O,2.1557000000000004,0.3951230978044112,1.989216022622612
606,Cc1ncc(CO)c(CO)c1O,0.08021999999999985,0.5858308475922274,2.549111753715531
607,Cc1ccc(NC(=O)N(C)C)cc1Cl,2.7419200000000012,0.7629960812555916,1.7576119786235314
608,COc1ccc2c(c1OC)CN1CCc3cc4c(cc3C1=C2)OCO4,3.3023000000000025,0.8408257939679774,2.732736167683491
609,O=C(NCO)c1ccc(Cl)cc1,1.0196,0.6763363921302618,1.6782618411281156
610,O=c1[nH]c(=O)n(C2CC(O)C(CO)O2)cc1I,-1.2181000000000002,0.578029884636738,3.6278549979267645
611,CCCCOCC(=O)O,0.8877000000000002,0.564837072062669,1.8204087764563255
612,O=c1nc[nH]c(=O)[nH]1,-1.5418,0.42753614508514476,3.1134796589862486
613,OCCc1ccccc1,1.2214,0.6249752698115418,1.273051675864611
614,Nc1nc(O)c2[nH]nnc2n1,-0.9643000000000006,0.44742254074845933,3.568711998828247
615,NC(CSC/C=C/Cl)C(=O)O,0.8839999999999999,0.6398692145584286,3.5739416035030604
616,Oc1ncnc2ccccc12,1.3354,0.6095238473084024,1.9871056247587688
617,CCCCCCCCCC/C=C/[C@H]1CC(=O)OC1=O,4.163100000000004,0.25791745456992976,3.06961098880285
618,CN1C(=O)CC(=O)N(c2ccccc2)c2cc(Cl)ccc21,3.3712000000000018,0.7576569223589451,2.094193815999313
619,O=C1CC(=O)C1=O,-0.9026000000000001,0.2911037135697111,2.783369740370233
620,Nc1ccc(S(=O)(=O)Nc2ccccn2)cc1,1.4646000000000001,0.8064259489968827,1.8296223510713254
621,O=CC1C=COC=C1,0.8591,0.4677584112054395,4.450893614595856
622,O=C(O)c1ccc(O)cc1O,0.7959999999999998,0.5585391396988667,1.7709350843078386
623,Cc1cccc(O)c1,1.7006199999999998,0.5359354364287862,1.4995530855596755
624,CC1CN(N=O)CC(C)N1C(=O)c1ccccc1,1.9028000000000003,0.7499649749444441,3.3303903940652937
625,CCCOC(=O)c1cc(Cc2ccc(N)c(C(=O)OCCC)c2)ccc1N,3.575400000000002,0.5435315398069024,2.2790465772226387
626,O=C(Nc1ccc(Br)cc1)c1cc(Br)cc(Br)c1O,4.932000000000001,0.6824612195113208,1.936902197962386
627,CCOP(=S)(OCC)Oc1ccc2c(C)c(Cl)c(=O)oc2c1,4.431120000000004,0.559335667664947,2.833701049494449
628,O=C(O)C(Cl)CCl,0.9172,0.5830880177500019,3.501075978710406
629,C=CC(=O)OCC(CO)(COC(=O)C=C)COC(=O)C=C,0.15269999999999984,0.34803978582299167,3.1394183457068943
630,CC=C1CC(C)C(O)(CO)C(=O)OCC2=CC[N+]3([O-])CCC(OC1=O)C23,0.17779999999999974,0.2231900257823571,5.839150001325919
631,O=C(/C=C/c1ccccc1)c1ccc(Br)cc1,4.345200000000002,0.6057610586489278,1.6153711344308235
632,Cc1ccc2[nH]nnc2c1,1.26632,0.5875133881718078,2.608101196914241
633,O=C1CNC(=O)N1,-1.1742,0.3765245568391013,2.841856784904646
634,COC(C)CCOC(C)=O,0.9744999999999999,0.5543459625799845,2.734945218659961
635,CC(=O)NC(CS/C(F)=C(\F)C(F)(F)F)C(=O)O,1.9793,0.7606663506480026,3.615475419988196
636,FC(F)OC(F)(F)C(F)Cl,2.3528000000000002,0.48329409286155045,3.9533512837487184
637,CC1CCCC(=O)CCCCCc2cc(O)cc(O)c2C(=O)O1,3.4990000000000028,0.7147878989312391,3.4261348571202435
638,COC(O)=C1C(C)=NC(C)=C(C(=O)OC/C=C/c2ccccc2)[C@@H]1c1cccc([N+](=O)[O-])c1,5.099500000000004,0.2729998138884891,3.203045955782362
639,CC(=O)CCC(C)=O,0.9446,0.5469153902097886,2.0105806380072266
640,CC1=C2C(=COC(C)C2C)C(=O)C(C(=O)O)C1=O,1.0942,0.704529438882916,4.422510274868275
641,CN(C)c1ccc(C(=C2C=CC(=[N+](C)C)C=C2)c2ccc(N(C)C)cc2)cc1,4.4596000000000044,0.7332076636758533,2.7711809174437274
642,CC(=O)OC1CC2C3(C)CCCC(C)(C)C3CCC2(C)C2(O)CC(C=O)=C(C=O)C12C,4.406200000000004,0.5299406878431276,4.975506150836841
643,CN1CCN(c2ccc3[nH]c(CCCCCCc4ccc5[nH]c(-c6ccc(N(CCCl)CCCl)cc6)nc5c4)nc3c2)CC1,7.487600000000009,0.09816183039701276,2.996595177104709
644,Fc1cnc2c(c1)cc(F)c1ccccc12,3.6662000000000017,0.5212527987391667,2.147081585716224
645,O=C(OCc1ccccc1)c1cccc2cccnc12,3.5918000000000028,0.6777541709505978,1.6593319622754006
646,C=C(C)C(C)=O,1.1515,0.43543001604271575,2.352483211008055
647,Cc1cc(C)nc(NS(=O)(=O)c2ccc(N)cc2)n1,1.4764399999999998,0.8285267006028038,2.03800841098014
648,CCc1c2ccccc2c(CC)c2c1ccc1ccccc12,6.271000000000005,0.30037578741162485,2.1158548475713737
649,C[C@@H](O)CN(C[C@@H](C)O)C[C@@H](C)O,-0.5691999999999999,0.5259683504809382,3.5601186191202707
650,CC(C)(C)OC(=O)OC(=O)OC(C)(C)C,2.8732000000000015,0.46180205152963144,2.4390595221303215
651,CC(C)c1ccccc1,2.8100000000000014,0.5342617380464316,1.1101080072255556
652,CCOC1=CC(c2ccccc2)(c2ccccc2)N(O)c2ccccc21,5.217000000000004,0.705064396433119,2.657586979342204
653,CC(COC(=O)c1ccccc1)(COC(=O)c1ccccc1)COC(=O)c1ccccc1,4.563700000000004,0.3642436595819625,1.980467139948356
654,CCCCCCCCCCCCOC[C@H]1CO1,4.322700000000004,0.3541792479883679,2.440861018536996
655,CCCC[C@@H](CC)COC(=O)CCCCC(=O)OC[C@H](CC)CCCC,6.066000000000007,0.23035616374928256,3.0738589190755006
656,CCCCCCCCCCCCS,4.837100000000006,0.38029086892907266,1.941461787430864
657,CCC(C)(C)c1ccc(O)cc1,3.0798000000000014,0.7117958038893744,1.8450521383309137
658,CC(C)(Oc1ccc(C2CC2(Cl)Cl)cc1)C(=O)O,3.589800000000003,0.8615348244596426,2.843706712950553
659,CCOC(=O)C1C(C=C(C)C)C1(C)C,2.7879000000000014,0.5122374841803435,3.1872523229962866
660,OC1=C(O)C23CCCCC2(O3)c2cc3ccc4ccccc4c3nc21,4.724500000000003,0.46175785926639296,3.843585618370147
661,O=C(c1ccc(Br)cc1)C1OC1c1ccccc1,3.7719000000000023,0.6378624785160686,2.6380537313433994
662,CCCc1cc(O)nc(S)n1,1.4233999999999998,0.5209945616346521,3.139937259374152
663,COc1cc(C)cc2c1C(=O)C=C(c1c(C)cc3c(c1OC)C(=O)C=CC3=O)C2=O,3.718440000000003,0.7777756358858465,2.9668866030946646
664,C=C(C)C(=O)OC,0.7355,0.35850815039012257,2.3190860299629925
665,O=C(O)CCc1c[nH]c2ccccc12,2.1851000000000003,0.7770851256408984,1.7182628933844466
666,Sc1nc2ccccc2s1,2.585,0.5949719307160367,2.4111850165428876
667,CCC1NC(=O)c2cc(S(N)(=O)=O)c(Cl)cc2N1,0.8788000000000005,0.751957676885389,3.3864213815266577
668,CNC(=O)c1cccc(NCC(=O)NCCc2ccc(OC)c(OC)c2)c1,1.8341999999999996,0.6258978349113092,1.925142358599155
669,CN(C)c1ccc(-c2ccc(N(C)C)cc2)cc1,3.4856000000000025,0.8100554842294518,1.4850851294897485
670,CCCCCC/C=C\CCCCCCOC(C)=O,5.026600000000005,0.27733813179681116,2.093128548163861
671,CC(C)Oc1ccc(Nc2ccccc2)cc1,4.217400000000002,0.8440555413656984,1.4632697215579817
672,ClCc1c2ccccc2c2ccc3cccc4ccc1c2c43,6.476000000000003,0.18880981751263237,2.166895664879064
673,O=C(O)/C=C/c1c[nH]cn1,0.5075,0.5848387206934303,3.2659166194227662
674,CC(=O)N(O)c1ccc(Br)cc1,2.1912000000000003,0.5929250847385491,2.2557723306386066
675,CCN(CC)C(=S)SSCC(NC(C)=O)C(=O)O,1.5838,0.5463468534327056,3.2804497571404045
676,Cc1cnccn1,0.7850199999999998,0.4745494696119243,2.1302012788317715
677,COc1ccc(CN(CCN(C)C)c2ncccn2)cc1,2.0534,0.779023670000752,2.1408136204321693
678,Oc1ccc2cccnc2c1,1.9403999999999997,0.614103356782718,1.8037262978356896
679,O=[N+]([O-])c1ccc(S(=O)(=O)O)c([N+](=O)[O-])c1,0.7497,0.47206901221814923,2.2459488505828524
680,C=C(C)C(=O)OCCCCCC,2.686000000000001,0.3478265179451069,1.953631946023222
681,O=C(NC(Cc1cc(O)nc2ccccc12)C(=O)O)c1ccc(Cl)cc1,3.0195000000000007,0.6407232328864023,2.56855806090989
682,C=C(C)[C@@H]1CC=C(C)[C@@H](O)C1,2.2797,0.5714094454139361,3.7716000576862587
683,CN(C)CC(=O)O,-0.3674,0.5181724088158179,2.153420871591953
684,NC(=O)OCC1C(NC(=O)/C(=N\OCC(=O)O)c2csc(N)n2)C(=O)N1S(=O)(=O)O,-2.8756999999999975,0.10642466777499184,3.9647811546577234
685,COc1cccc(C(=O)CBr)c1,2.2728,0.5865945144397341,1.7549275753938538
686,Cc1cc2c3c(ccc2c2ccccc12)C(O)C(O)C1OC31,3.1492200000000024,0.4941691551560917,3.5933169895641015
687,CC/C=C/[C@H](C=O)CC,2.1776999999999997,0.41653163380621944,3.9192560781449153
688,CC[N+]([O-])=NC,0.5986,0.26254814044525127,4.160047471363084
689,N#Cc1c(Cl)c(Cl)c(Cl)c(C#N)c1Cl,4.04356,0.5249703621195863,2.850803662615215
690,O=c1[nH]c(=O)n(C2CCCO2)cc1F,-0.015300000000000313,0.6927125296086033,2.9469611714043964
691,Nc1ccnc2ccccc12,1.817,0.6120847733236583,1.7189488939895359
692,C[PH]1(C)N[PH](C)(C)N[PH](C)(C)N1,1.2872999999999997,0.5496633798163302,6.8297349481021845
693,NC(CCC(=O)O)C(=O)O,-0.7368999999999997,0.48597553095435087,2.321441976056411
694,C1=C2CCCC(=CC3OC13)O2,1.7356999999999998,0.49041598022647565,5.704143111604826
695,Oc1nc2ccccc2n1C1CCN(CCCC(c2ccc(F)cc2)c2ccc(F)cc2)CC1,6.269300000000006,0.35271018311785235,2.4927377357796594
696,O=C(O)C(F)(F)C(F)(Cl)C(F)(F)C(F)(Cl)C(F)(F)Cl,3.9824,0.5925347586647163,4.100512988520973
697,O=C(OC1CCCCC1)c1ccccc1C(=O)OC1CCCCC1,4.665600000000004,0.753113862533664,2.09832115563837
698,COP(=O)(O)OC,0.37959999999999994,0.5431172517623007,2.948450735845345
699,O=C1C(=O)C(O)C1=O,-1.9318000000000004,0.293762797809203,3.0680944841610724
700,CN(C)CCN(Cc1ccsc1)c1ccccn1,2.7113000000000005,0.7967911857797698,2.3600015206664704
701,C=C(C)[C@H]1CC=C(C)[C@@H](OC(C)=O)C1,2.850500000000001,0.49882618094456793,3.591624360418324
702,CC(=O)Oc1c(C)c(C)c2c(c1C)CCC(C)(CCCC(C)CCCC(C)CCCC(C)C)O2,9.059960000000002,0.21204366595811164,3.8448071339272865
703,CCSC(=O)N1CCCCCC1,2.735500000000001,0.6288315334758273,2.338714864575259
704,O=[N+]([O-])c1cccc(C(F)(F)F)c1,2.613600000000001,0.5053629591856786,1.8181121481988711
705,C#CC1(OC(=O)CCCCCC)CCC2C3CCC4=CC(=O)CCC4C3CCC21C,6.013800000000007,0.3056974811560719,4.4055319523959415
706,O=S(=O)(O)Oc1ccc2ccc3c4ccccc4cc4ccc1c2c43,4.918800000000003,0.2793645625530675,2.2768839284843345
707,CC(=O)C1CCC2C3CC=C4CC(=O)CCC4(C)C3CCC12C,4.723500000000005,0.6560565249909898,4.110217828378191
708,NC(=O)c1cc[n+](COC[n+]2ccccc2/C=N/O)cc1,-0.1995999999999986,0.3335532432875238,3.502938235816785
709,CCc1cccc2c3c([nH]c12)C(CC)(CC(=O)O)OCC3,3.383000000000002,0.9057842881790305,3.254636912994293
710,c1cc[nH]c1,1.0147,0.4658690337597367,3.427942228442209
711,CCC(C)(C)c1cc(N2Nc3ccccc3N2)c(O)c(C(C)(C)CC)c1,5.941400000000006,0.6222329210374306,2.967044874079045
712,c1cnc2c(c1)ccc1cc[nH]c12,2.716100000000001,0.5489485570430717,2.229030282553204
713,O=C1OC(=O)c2c(Br)c(Br)c(Br)c(Br)c21,4.0472,0.2523528670738498,3.1330348939518453
714,O=C(O)C1Cc2c([nH]c3ccccc23)CN1,1.2668,0.6721550944592913,2.8785883355653485
715,CN(C)C1C(O)=C(C(N)=O)C(=O)C2(O)C(O)=C3C(=O)c4c(O)cccc4C(C)(O)C3C(O)C12,-1.2435999999999974,0.26155458511612795,4.658460156258647
716,C=C(C)C1CC=C(C)C(O)C1,2.2797,0.5714094454139361,3.7716000576862587
717,O=c1cc(-c2ccc(O)cc2)oc2cc(O)cc(O)c12,2.576800000000001,0.6318329361180623,2.25266936682001
718,CC1=C(/C=C/C(C)=C/C=C/C(C)=C/C=C/C=C(C)/C=C/C=C(\C)C=O)C(C)(C)CCC1,8.721900000000003,0.2085243503670596,3.670494834824117
719,CC(C)CCCC(C)C1CCC2C3CC=C4CC(OC(=O)Cc5ccc(N(CCCl)CCCl)cc5)CCC4(C)C3CCC12C,10.466299999999993,0.12159291334007677,4.6052351748822575
720,Nc1ccc(Br)cc1,2.0313,0.5949453623603693,1.5420607778673663
721,CN(C)c1ccc(C2(c3ccc(N(C)C)cc3)OC(=O)c3cc(N(C)C)ccc32)cc1,4.346900000000004,0.5793354323979134,2.6317691776632195
722,CCOc1cccc([N+](=O)[O-])c1,1.9934999999999998,0.5105963347137601,1.58504785511413
723,COc1cc(/C=C/C(=O)O)ccc1O,1.4986,0.7153202107154631,1.8690631767852572
724,CCC(=O)Nc1ccc(Cl)c(Cl)c1,3.3419000000000016,0.8096716543147999,1.5192867829758594
725,[O-][n+]1cc2ccccc2cn1,0.8682000000000001,0.4083452050644312,2.8227037016818457
726,CC(CCC(=O)O)C1CCC2C3C(=O)CC4CC(O)CCC4(C)C3CCC12C,4.686100000000005,0.7303676631579642,4.324686066141185
727,CC(C)C(=O)Nc1ccccc1,2.2811000000000003,0.7116050593142095,1.2724646383309128
728,CC(=O)N(C)C,0.09450000000000003,0.40990688283686294,1.9820133885228461
729,NCCS(=O)(=O)O,-1.1670999999999996,0.45569908962415706,2.617877885166612
730,O=C1c2cccc3ccc4ccc5cccc1c5c4c23,4.6906000000000025,0.36627909528524133,2.0729669827189614
731,CCCCCc1cc(O)c2c(c1)OC(C)(C)C1CCC(C)=CC21,5.735800000000006,0.5673159936374234,3.4387958852779814
732,CC(CO)=[N+]([O-])O,-0.6609,0.20117023085039404,4.060174717745799
733,Cc1cc(=O)oc2cc(O)ccc12,1.8070199999999998,0.6225239946244197,1.9637974423165172
734,CCNC(=S)NCC,0.49030000000000007,0.5346907514562121,2.2062643742709636
735,C=CN1CCCC1=O,0.7523,0.4886920431591795,2.9055293093358987
736,Cc1ccc(Cl)cc1[N+](=O)[O-],2.5566200000000006,0.4815186208815348,1.6612592222388738
737,N=C(N)c1cc2ccc(Br)cc2[nH]1,2.2144700000000004,0.5171348331797563,2.5354166730857486
738,Oc1cc(Cl)cc(Cl)c1Cl,3.3523999999999994,0.6324908101043021,2.202013153657761
739,CC1CCCC(C)N1CCCC(O)(c1ccccc1)c1ccccn1,4.360600000000004,0.8499586361459243,3.4041362241692052
740,NC(Cc1ccc(O)c([N+](=O)[O-])c1)C(=O)O,0.2547999999999999,0.4986355811854937,2.543479018795164
741,c1ccc(CNc2[nH]cnc3ncnc2-3)cc1,1.9165999999999996,0.7142425525220055,2.5756521022025467
742,C/C=N/N(C)C=O,0.08030000000000004,0.2745873140425011,4.122400509601002
743,CC(C)(C)OOC(C)(C)C,2.531600000000001,0.417812309688905,2.40303536961183
744,CC1(C(=O)O)CCCC2(C)C3CCC4(O)CC3(CCC12)CC41CO1,3.3678000000000026,0.7214300087908724,6.174847729118628
745,COP(=S)(OC)OC,1.1501,0.5727084241256473,3.4277621764687654
746,Nc1ccc2ccccc2c1N=Nc1ccccc1,4.837400000000002,0.5110313318713332,2.111038503964078
747,C=CCCCCCCCCC,4.313100000000003,0.36073349676483174,1.8198266390267595
748,Cc1cccc(C)c1Nc1cc(Cl)nc(SCC(=O)NCCO)n1,2.6910400000000005,0.3965222201032955,2.380158406745471
749,O=S(=O)(O)CNc1ccc(N=Nc2cccnc2)cc1,2.754200000000001,0.6509875112561232,2.593271260978481
750,CCC1=C(OC)C(=O)c2c(O)c(OC)c(OC)c(O)c2C1=O,1.8044999999999995,0.8175422520218563,2.83707004153689
751,CCCCOCCOC(=O)COc1ccc(Cl)cc1Cl,3.7321000000000026,0.5134003431318568,1.9223495866002303
752,O=[N+]([O-])c1cc(-c2ccccc2)ccc1O,2.967400000000001,0.6182866860352763,1.6590500138098694
753,CC(C)C=O,0.8412999999999999,0.41938247962025627,2.414123487183467
754,CCOP(=S)(OCC)Oc1nc(Cl)c(Cl)cc1Cl,4.718100000000002,0.5483413192652408,3.114646195222684
755,N=C(N)c1ccc(OCCCCCOc2ccc(C(=N)N)cc2)cc1,2.8828400000000007,0.30195782187837944,1.9932846056240958
756,CC1=CC(=O)C(C(C)C)=CC1=O,1.6669,0.5522549586177093,2.659914762400394
757,O=c1ccn(C2CC(O)C(CO)O2)c(=O)[nH]1,-1.8226999999999993,0.552382719533219,3.4575535682360012
758,Cc1cc(=O)oc2cc(O)cc(O)c12,1.51262,0.6204810517595596,2.3494664156516514
759,COc1ccc(CNCC(O)COc2ccc3nc(O)ccc3c2)cc1OC,2.4871000000000008,0.521846045393485,2.721166961735868
760,COP(=O)(O)O,-0.2745000000000001,0.45777198227928473,2.806200370771368
761,Cc1ccc(N=Nc2ccc(N(CCO)CCO)cc2)cc1,3.2014200000000024,0.7713984866328484,2.361835445098846
762,Cc1cc(Cl)cc2c1C(=O)/C(=C1/Sc3cc(Cl)cc(C)c3C1=O)S2,6.098840000000004,0.5068140168646049,3.154992244549458
763,CC(C)CCCCCOC(=O)Cc1ccc(Cl)cc1Cl,5.295500000000005,0.48049649639716924,1.9463661450417877
764,COc1ccc(Nc2ccc(OC)cc2)cc1,3.447400000000002,0.8706170092768505,1.3323274923586101
765,CCCCOP(=O)(OCCCC)OCCCC,4.544600000000004,0.38390428568051604,2.416352015555777
766,Cc1cc(N)cc(N)c1,1.1594200000000001,0.5071584204162337,2.139879930302479
767,CCCCCCCCCCCCc1ccccc1,6.150000000000007,0.41070852527938223,1.4777016378932224
768,CCCCCCCCC=O,2.935900000000001,0.3943168373689603,1.9183792567854052
769,CC(C)(C)OOC1(C)C=C(C(C)(C)C)C(=O)C(C(C)(C)C)=C1,5.019500000000005,0.5305599968605096,3.4036920285154286
770,CCCC[C@@H](CC)COC(=O)c1ccccc1C(=O)OC[C@H](CC)CCCC,6.433000000000007,0.3433083562994692,3.0066641932094136
771,CCC(Br)(CC)C(=O)NC(N)=O,1.1349999999999998,0.7220176852684498,3.1079754075616846
772,C=C(C)C(=O)OCC(C)C,1.7617,0.4430772403067042,2.1919998282139748
773,CC(C)(S)C(=O)NC(CS)C(=O)O,0.19399999999999995,0.514564467882502,3.3130226286204927
774,CCCCCCCCCCCCC1CO1,4.696200000000004,0.3571882585603731,2.3407843113690703
775,C[C@@H](O)COC[C@@H](C)O,-0.2354,0.5578201447805288,3.317982520449437
776,Cc1cc(-c2ccc(N=Nc3cc(S(=O)(=O)O)c4ccccc4c3N)c(C)c2)ccc1N=Nc1cc(S(=O)(=O)O)c2ccccc2c1N,8.765440000000003,0.07250267808628301,3.155249599819192
777,Oc1nsc2ccccc12,2.0018999999999996,0.6243115793086027,2.4896019926702095
778,CN(C(=O)CCCCl)c1snc2ccccc12,3.278100000000002,0.7975786209898734,2.6955838895328643
779,O=C(O)CCC(=O)Nc1ccc(Cl)c(Cl)c1Cl,3.4501000000000017,0.8363072886011037,1.9357373510713245
780,COc1ccc(C(Cl)=C(c2ccc(OC)cc2)c2ccc(OC)cc2)cc1,5.867800000000005,0.5005017670153243,1.7992377221140572
781,O=C1CN=C(c2ccccc2)c2cc([N+](=O)[O-])ccc2N1,2.3842999999999996,0.6771088741597445,2.2824459281244778
782,CCC(C)(C)c1cc(-n2nc3ccccc3n2)c(O)c(C(C)(C)CC)c1,5.501300000000006,0.6599866110032654,2.6494960116738433
783,CCCCC(CC)COC(=O)c1ccc(C(=O)O)cc1,3.7580000000000027,0.735324214511175,2.30502557959751
784,CCCCCCCCCCCCCCCCCC(N)=O,5.7332000000000045,0.36090935035939964,1.743851632729541
785,CNC(=S)N(C)C,0.05230000000000001,0.45249692321264945,2.854907749420006
786,COC(=O)COc1ccc(Cl)cc1Cl,2.5452000000000004,0.7548950599069326,1.6346332172710856
787,O=S(=O)(O)c1ccc2c(N=Nc3ccc(S(=O)(=O)O)c4ccccc34)c(O)c(S(=O)(=O)O)cc2c1,3.8541000000000007,0.2129086622563505,2.9792475040848743
788,Cc1cccc(C)c1[N+](=O)[O-],2.21164,0.45584159241690747,1.8608013973051865
789,O=C(Nc1ccc(Cl)cc1)Nc1ccc(Cl)c(Cl)c1,5.290800000000001,0.7763463610501176,1.5257357359773493
790,S=c1scc(-c2ccccc2)s1,4.206090000000001,0.6354409012473625,2.6289340888803654
791,NC1=N[C@H](C(=O)O)CS1,-0.4989000000000001,0.5226350030994845,3.700977231991068
792,CC1CC(OC(=O)c2ccccc2O)CC(C)(C)C1,3.7638000000000025,0.8253037253105497,2.9790863613020377
793,CCCCOCCCC,2.603200000000001,0.5020748997224442,1.6443646226101727
794,CC(C)=C1CCC(C)CC1=O,2.711900000000001,0.48764805589875265,3.1925516830786576
795,Fc1ccc2ccccc2n1,2.3739,0.5211236867870965,1.7643686055279968
796,CC1CCCC1,2.1965000000000003,0.42179147361668384,1.5726834894626336
797,CCCCCCCCCCCCCO,4.289700000000004,0.4932559566480433,1.6038050665087926
798,COc1c(Cl)c(Cl)c([N+](=O)[O-])c(Cl)c1Cl,4.2170000000000005,0.4654661907787782,2.6621278556460215
799,CN(C)C1C(=O)C(C(N)=O)C(=O)C2(O)C(=O)C3C(=O)c4c(O)cccc4C(C)(O)C3CC12,-1.4679999999999975,0.39689354142215827,4.59261436174742
800,CCCCCN(CCCOC)C(=O)C(CCC(=O)O)NC(=O)c1ccc(Cl)c(Cl)c1,4.0119000000000025,0.4084054154434649,2.716005433863927
801,ClCC1(C(Cl)Cl)C2CC(Cl)(Cl)C1(C(Cl)Cl)CC2(Cl)Cl,6.576800000000001,0.4284053144373024,6.159423938051997
802,O=C(O)COc1ccc(Cl)cc1Cl,2.4568000000000003,0.8519927441732301,1.5851667829758593
803,NC(=O)C1CCCN1C(=O)C(Cc1c[nH]cn1)NC(=O)C1CCC(=O)N1,-1.808099999999996,0.47033006036957353,3.674135315180143
804,CC(=O)Oc1ccc(C(c2ccc(OC(C)=O)cc2)c2ccccn2)cc1,4.112400000000003,0.5053017377899989,2.1847916961037566
805,O=C(/C=C/c1ccccc1)c1ccccc1,3.5827000000000018,0.5562298197848601,1.4561769532534061
806,CC(Cl)(Cl)C(=O)O,1.2648,0.5606960201798938,2.5216389711394633
807,CC1(C)CC(C(=O)O)C(C)(C)N1O,1.3393,0.6499624260255698,3.51665195554357
